GEOID20,District
34033020001,10
34033001501,10
34033042009,10
34033000703,10
34033042001,10
34033007001,10
34033030001,10
34033004204,10
34033004206,10
34033004208,10
34033042007,10
34033005002,10
34033070001,10
34033004205,10
34033060E01,10
3403360W001,10
3403360W002,10
34033060E02,10
34033004203,10
34033004202,10
34011ZZZZZZ,10
34011025003,10
34033020002,10
34011060001,10
34011030001,10
34033000702,3
34029025417,8
34029025422,8
34029025415,8
34029060010,8
34029060009,8
34029055014,8
34029055004,8
34029055003,8
34029055001,8
34029055011,8
34029090009,8
34029090040,8
34037120001,4
34005195001,8
34005150012,8
34005150011,8
34005150001,8
34005150014,8
34005150009,8
34005150013,8
34005135002,8
34005135003,8
34005170003,8
34005170006,8
34005170004,8
34005180004,8
34005180001,8
34005170005,8
34021035007,6
34021035004,6
34021030008,6
34021030005,6
34021050004,6
34005180005,8
34005180002,8
34005180003,8
34005170002,8
34005090007,8
34005950009,8
34005090006,8
34005090008,8
34005090003,8
34005105014,8
34005105012,8
34005110001,8
34005110002,8
34029025116,5
34029060013,5
34029060014,5
34029025139,5
34029025102,5
34005110003,8
34005110004,8
34029025104,5
34029060012,8
34029060004,5
34029060006,5
34029060005,8
34029060018,8
34029025332,8
34005105010,8
34005105004,8
34005105013,8
34005025301,8
34005025101,8
34005025302,8
34005105007,11
34005105011,11
34005105003,11
34029060002,8
34005065024,8
34005065008,11
34005065030,8
34005065028,11
34005065019,11
34005065017,11
34005065027,11
34005065029,11
34005065032,11
34005065018,11
34005065015,11
34005065011,11
34005125026,11
34005065020,11
34005065031,11
34005065010,11
34007170006,11
34005065026,11
34005065016,11
34007043034,11
34007170013,11
34007170014,11
34005065002,11
34007043033,11
34005065004,11
34005065014,11
34005065001,11
34005065003,11
34007170015,11
34007170008,11
34007043036,11
34007043046,11
34007170003,11
34007170007,11
34007043047,11
34041070001,6
34041055002,4
34041055001,6
34007170019,10
34007170017,10
34025090004,9
34025140003,9
34025047005,9
34025090009,9
34029060003,8
34007170005,10
34007170002,10
34007170012,10
34007043029,10
34007043030,10
34007170001,10
34007043005,10
34007170018,10
34007043035,10
34007043002,10
34007043014,10
34007170004,10
34007155001,10
34007105002,10
34007105001,10
34007015005,3
34007015002,10
34007165001,10
34007085004,10
34007155003,10
34007115001,10
34007115002,10
34007155002,10
34007135018,3
34007135014,3
34007135003,10
34007135009,10
34007115003,3
34007075009,3
34007115004,3
34007150005,3
34007015004,3
34007015003,3
34007015001,3
34007090003,3
34007090002,3
34007020001,3
34007020007,3
34007075021,3
34007130001,3
34007055001,3
34007150003,3
34007150001,3
34007150004,3
34007150002,3
34007020002,3
34007125003,3
34007150006,3
34015010004,3
34007020004,3
34007020003,3
34007040404,3
34007040405,3
34007040402,3
34015010019,3
34015105001,3
34007035001,3
34015010020,3
34015010017,3
34015100003,3
34015010007,3
34015105003,3
34015010015,3
34015100002,3
34015105002,3
34015110103,3
34015110102,3
34029060016,8
34015110101,3
34015100010,3
34015100009,3
34029025320,8
34029025206,8
34015060002,3
34015100015,3
34015100008,3
34015100005,3
34015060003,3
34015100007,3
34015060004,3
34015060001,3
34015100001,3
34015100016,3
34015070005,3
34029005001,5
34029102002,5
34029025000,5
34029ZZZZZZ,5
34029060008,5
34029060015,5
34029085003,5
34029060007,8
34029060017,5
34029060011,8
34029102001,8
34029102005,5
34029102006,5
34029102004,5
34029150018,5
34029003002,5
34029003004,5
34029003006,5
34029003007,5
34029003012,5
34029003008,5
34029003005,8
34029160002,5
34029160001,5
34029080005,5
34029080001,5
34029080011,5
34029150005,8
34001010501,5
34001010502,5
34001010404,5
34001010302,5
34001010401,5
34005185001,8
34005005001,8
34001042103,8
34005165004,8
34005165002,8
34001045001,11
34001040004,11
34005165001,8
34005165003,8
34007175006,8
34007175004,11
34001065003,8
34005105016,11
34001050001,11
34001065002,11
34001065001,11
34007175003,11
34007175007,11
34007180202,11
34007180105,11
34007180104,11
34007045001,11
34007180106,11
34007170016,11
34007170011,11
34007170009,11
34007030003,11
34007030001,11
34007170010,11
34007025002,11
34007025004,11
34007110009,11
34007065002,10
34007065001,10
34009ZZZZZZ,2
34009015001,2
34015035002,3
34015035001,3
34015120002,3
34015080002,3
34007110004,10
34007050003,11
34007110007,10
34007110003,10
34007160001,10
34007160003,10
34007140001,10
34007095001,10
34007160006,10
34007160004,10
34007155004,10
34007110008,10
34007110001,10
34007160002,10
34007075026,10
34007075011,10
34007075015,3
34007075012,3
34007075025,10
34007075016,10
34007075024,3
34007075003,3
34015035005,3
34015070002,3
34015035004,3
34015070001,3
34007075001,3
34015070003,3
34015070004,3
34007075022,3
34011040001,10
34007075002,3
34007075006,3
34015090008,3
34007075013,3
34015010008,3
34007075004,3
34015010021,3
34033070002,10
34015025005,10
34015025007,10
34033050001,10
34015010018,3
34015010006,3
34015010002,3
34015010010,3
34015010016,3
34015010022,3
34015010009,3
34015110201,3
34015110203,3
34015110202,3
34015110302,3
34015110204,3
34015110304,3
34015110303,3
34015110301,3
34015040004,10
34015040002,3
34015050001,3
34015050010,3
34015075007,3
34015075004,3
34015050006,3
34015100006,3
34015100013,3
34015100017,3
34015100011,3
34015100014,3
34015050012,3
34015050008,3
34015015001,3
34029080002,8
34001010603,5
34001010601,5
34001010602,5
34001110005,5
34001010402,5
34001010403,5
34001010301,5
34001095201,11
34001095104,11
34001095103,11
34001055015,5
34001005101,11
34001055014,5
34001055001,5
34001055009,5
34001100201,5
34001055008,5
34001055007,11
34001100101,5
34001055002,8
34001085201,8
34001085301,8
34001010303,5
34001010203,5
34001010202,5
34001015401,5
34001015301,5
34001ZZZZZZ,5
34001010104,5
34001015101,5
34029080008,5
34029080014,5
34029085002,5
34009050002,2
34009050001,2
34029080007,8
34029080013,5
34029040001,5
34001025003,11
34001105204,11
34001105102,11
34001105103,11
34001040005,11
34001040001,11
34011020002,10
34011020001,10
34011010001,10
34001040006,11
34001105104,11
34011070608,11
34011050104,11
34011070602,11
34011070607,11
34011070609,11
34011015001,10
34033050004,10
34011070205,10
34011045002,10
34009030007,2
34009030015,2
34009020006,2
34009030001,2
34009020007,2
34001070201,11
34011045001,11
34001040002,11
34001105201,11
34001105203,11
34001040018,11
34001055004,11
34001070202,11
34009020003,11
34009055001,11
34001070102,11
34001070101,11
34001070203,11
34009030009,2
34009030004,2
34009030005,2
34009030006,2
34009030017,2
34009055008,11
34001030101,11
34009055012,11
34009005001,2
34009045004,2
34009055006,11
34009055002,11
34009055007,11
34009040401,2
34001105101,2
34009040403,2
34009040402,2
34011070606,11
34011070604,11
34011070601,11
34011070610,11
34001090204,11
34001095204,11
34001075001,2
34001080004,5
34009040201,2
34009040204,2
34009040203,2
34001105202,11
34011070406,11
34011070407,11
34011070102,10
34015025004,11
34001020001,11
34011070605,11
34011070103,10
34011070101,10
34001080003,5
34001090101,11
34001090102,11
34015025009,11
34001080002,5
34001080001,5
34001110003,5
34001060011,11
34001060007,11
34001060013,11
34011010002,11
34009040102,2
34009040202,2
34009040104,2
34009040103,2
34009040101,2
34007180304,10
34007180405,10
34007180403,11
34007180201,11
34011035003,10
34033050003,10
34033050002,10
34011010003,10
34011050506,10
34011050503,10
34011050501,10
34007075035,10
34007075018,10
34007075036,10
34007075031,10
34007075019,11
34007075030,10
34007075020,10
34007180306,11
34007180401,11
34007075034,11
34007140005,10
34007140003,11
34007075017,3
34007075014,3
34007075023,10
34015055213,10
34015055415,11
34015055203,11
34015055201,10
34015055209,10
34007180402,10
34007180301,10
34011010004,11
34011025001,10
34015055319,10
34015055302,10
34015055216,10
34015055312,10
34015055214,10
34011025002,10
34011065003,10
34011025004,10
34015055318,11
34001025001,11
34001060003,11
34001025002,11
34015025010,10
34015055404,11
34015055405,11
34015025006,10
34007140002,10
34007050001,10
34001020002,11
34011050102,11
34011050101,10
34007145001,10
34007050002,10
34001115001,11
34001060005,11
34001085101,11
34015055411,11
34015055425,11
34015055408,11
34015055421,11
34007180102,11
34007180103,11
34007180305,10
34007180303,11
34007180205,11
34007025001,11
34007180203,11
34007175002,11
34007110005,10
34011050103,11
34007110002,10
34007100002,10
34007100001,10
34033000501,10
34033045001,3
34033000704,3
34011035001,10
34011065001,10
34011065004,10
34015015006,3
34015040008,3
34015120003,3
34015045001,3
34015080003,10
34015120008,3
34033035002,3
34015120007,3
34015045003,3
34015025003,10
34015025011,10
34015025002,10
34011055001,10
34011005301,10
34033055002,10
34033005501,10
34033045003,10
34033075002,10
34011005201,10
34011005302,10
34011005101,10
34011035002,10
34011005305,10
34011005304,10
34011005303,10
34033045002,10
34015080001,10
34015120001,3
34011050504,10
34011050505,10
34015100004,3
34015050009,3
34015050007,3
34015050011,3
34011005401,10
34011005402,10
34011005501,10
34015040007,3
34015040009,3
34033050005,10
34033050006,10
34015030004,10
34015040006,10
34015040005,3
34015040003,3
34015040001,10
34011065002,10
34015020002,10
34033010001,10
34015020003,10
34011005202,10
34011005203,10
34015065001,10
34015005004,10
34015025008,10
34015025001,10
34011070206,10
34015015005,3
34015035006,3
34015120006,3
34015120004,3
34015085001,3
34015085002,3
34015045004,3
34015120005,3
34033075001,3
34015045002,3
34033035001,3
34033004003,3
34033004002,3
34033040001,3
34033000705,3
34015035003,3
34011050303,10
34011050302,10
34011050502,10
34011070401,10
34011070402,10
34011070303,10
34011070302,10
34011070506,10
34011070505,11
34011070504,10
34011070503,10
34011070204,10
34011070202,10
34011070301,10
34011070106,10
34011070201,10
34011070104,10
34011070203,10
34011050202,11
34011050402,11
34011050403,11
34011050401,10
34011070603,11
34011050301,10
34011050201,10
34011070403,10
34011070105,10
34011070501,10
34011070502,11
34011070404,10
34011070405,10
34015050005,3
34015050003,3
34015090001,3
34015090002,3
34015030013,10
34015030001,10
34015030007,10
34015075005,3
34015075003,3
34015030008,10
34015020004,10
34015020001,10
34015005003,10
34015005001,10
34015030011,10
34015005005,10
34015030002,10
34015030005,10
34015075006,3
34015075001,3
34015030009,3
34015005002,10
34015030003,10
34007180404,10
34015005006,10
34015030010,10
34015030012,10
34015090004,3
34015090005,3
34015050002,3
34015055122,10
34015055123,10
34015090037,10
34015090038,10
34015090039,10
34015055326,10
34015055306,10
34015055107,10
34015055117,10
34015010014,3
34015010005,3
34015055120,10
34015055124,10
34015090034,10
34015090018,3
34015090029,10
34015090003,3
34015090028,10
34015090036,10
34015090016,3
34015090017,3
34015090009,3
34015090010,3
34015090027,10
34015090026,10
34015090025,10
34015090024,10
34015090023,10
34015090012,10
34007075039,10
34007075008,10
34015090006,3
34015010001,3
34015010003,3
34015090035,10
34015090033,10
34015090031,10
34015090032,10
34015030006,10
34015075002,3
34015115002,3
34015115001,3
34015100012,3
34015115004,3
34015010011,3
34015100018,3
34015010013,3
34015100019,3
34015095002,3
34015050004,3
34015095001,3
34015010012,3
34015115003,3
34015095003,3
34015055210,10
34015090030,10
34015090022,10
34007110006,10
34007075028,3
34007075040,3
34007075037,10
34007075038,10
34007140004,10
34007075029,10
34015090007,3
34007075007,3
34007075005,3
34007075010,3
34007075027,3
34007075033,10
34007140006,10
34015090015,3
34015090013,3
34015090011,3
34015090020,10
34015090014,3
34015090021,10
34015090019,3
34007075032,10
34007160005,10
34009045001,2
34009055015,2
34009055011,2
34009055010,11
34009055005,2
34009020002,2
34009045003,2
34009030012,2
34009030008,2
34009005003,2
34009005002,2
34009030011,2
34009030010,2
34009010005,2
34009010004,2
34009055014,11
34009055003,11
34009055004,2
34009030018,2
34009020004,11
34009020001,2
34009030003,2
34009030002,2
34009055009,11
34009025108,2
34009025102,2
34009055013,11
34009020008,11
34009080002,11
34009080001,11
34009035102,2
34009035101,2
34009030016,2
34009020005,2
34009035204,2
34009035203,2
34009075004,2
34009075005,2
34009075002,2
34009075001,2
34009025302,2
34009030014,2
34009030013,2
34009075003,2
34009025301,2
34009025107,2
34009035202,2
34009035201,2
34009140004,2
34009140003,2
34009065001,2
34009140002,2
34009025204,2
34009025203,2
34009010003,2
34009060001,2
34009010001,2
34009010002,2
34009025306,2
34009025309,2
34009025307,2
34009025308,2
34009025202,2
34009025206,2
34009025210,2
34009025104,2
34009025106,2
34009025304,2
34009025305,2
34009025207,2
34009025101,2
34009025303,2
34009025201,2
34009025209,2
34009025208,2
34009025109,2
34009025105,2
34009060002,2
34009025205,2
34009025103,2
34009140005,2
34009140001,2
34009035104,2
34009035103,2
34009040105,2
34009040302,2
34009040303,2
34009040304,2
34009040205,2
34009045002,2
34009040405,2
34009040305,2
34009040404,2
34009040301,11
34001042203,8
34001065004,8
34001042102,11
34001060008,11
34001115002,11
34001060001,11
34001060012,11
34001060002,11
34001060006,11
34001060009,11
34001040010,11
34007180204,11
34001025004,11
34007180101,11
34001065005,11
34001065006,11
34001055003,5
34007175005,11
34007175001,11
34001065007,11
34007025005,11
34007180302,11
34007175008,11
34007030002,11
34005065022,11
34007025003,11
34001040012,11
34001060010,11
34001055010,5
34001055011,5
34001055017,5
34001055006,11
34001055012,11
34001040011,11
34001040019,11
34001040009,11
34001040020,11
34001040015,11
34001055013,11
34001040017,11
34001040022,11
34001040021,11
34001042201,11
34001055016,11
34001055005,11
34001040016,11
34001040003,11
34001005202,11
34001005203,11
34001090202,11
34001040014,11
34001095102,11
34001095101,11
34001090203,11
34001040008,11
34001005102,11
34001095203,11
34001095202,11
34001040013,11
34001005103,11
34001005201,11
34001040007,11
34001042101,11
34001042202,11
34001060004,11
34001090104,11
34001110002,5
34001090103,11
34001110004,5
34001090201,11
34001110001,5
34001010604,5
34029003001,5
34029003011,5
34029150001,5
34029102003,5
34029080004,5
34029080006,5
34029080010,5
34029150015,5
34029080012,5
34029080016,5
34029080009,5
34029085001,5
34029140001,5
34029150002,5
34029155001,5
34029150003,5
34029045001,5
34029080015,5
34029015001,5
34029150014,8
34029080003,5
34001015201,5
34001010101,5
34001010103,5
34001010201,5
34001010102,5
34001010304,5
34029003013,8
34029150009,8
34029150019,8
34029003009,5
34029150007,8
34029150010,8
34029150008,8
34029150020,8
34029150004,5
34029150013,5
34029003010,5
34029150021,8
34029150016,5
34029150017,8
34029150012,8
34029150006,8
34029003003,5
34029150011,8
34029003015,8
34029003014,5
34027045201,12
34027195004,12
34027045101,12
34027195003,12
34027045203,12
34005150005,8
34005150004,8
34005150003,8
34029115002,8
34027065002,12
34027025001,12
34027095004,12
34027095003,6
34027082006,12
34027065003,12
34027082005,6
34039005003,6
34039005010,6
34039005004,6
34039005002,6
34027082004,6
34035100009,6
34035105004,6
34035105001,6
34035105002,6
34035100008,6
34039005005,6
34027082003,6
34027100002,12
34027100003,12
34027195005,12
34035100001,6
34035100010,6
34035010020,6
34035010018,6
34035010014,6
34035010013,6
34027045102,12
34027045103,12
34027160005,12
34027160007,12
34027160006,12
34027045303,12
34027045202,12
34027045302,12
34027045403,12
34027045401,12
34027045301,12
34027045402,12
34027175103,12
34027160016,12
34027160002,12
34027175102,12
34027185001,12
34027175101,12
34027175104,12
34027170005,12
34027040301,12
34027040403,12
34027170003,12
34027040203,12
34027065001,12
34027110012,12
34027110021,12
34027110015,12
34027160010,12
34027160011,12
34027180201,12
34027100001,12
34029115005,8
34027110010,12
34027110009,12
34027110007,12
34027110008,12
34027120404,12
34027120102,12
34027120101,12
34027110006,12
34027120104,12
34027120201,12
34027110004,12
34027110003,12
34027060001,12
34027060008,12
34027060002,12
34027060003,12
34027110023,12
34027145001,12
34027040401,12
34027145002,12
34027145039,12
34027145004,12
34027040402,12
34027170004,12
34027040202,12
34027040302,12
34027040303,12
34027115001,12
34027115004,12
34027115006,12
34027115002,12
34027145006,12
34027145009,12
34027145037,12
34027145012,12
34027145010,12
34027145005,12
34027145008,12
34027145007,12
34027125005,12
34027040101,12
34027125001,12
34041065001,4
34041045001,4
34041065002,4
34041020003,4
34041020002,4
34041020004,4
34041020005,4
34025160004,8
34025205001,8
34025160003,1
34027180205,12
34027180202,12
34041020001,4
34037115001,4
34041030002,4
34041060001,4
34041030001,4
34041005004,4
34041005001,4
34041005002,4
34029115003,8
34029115006,8
34029115004,8
34029055024,8
34005095001,8
34005095002,8
34005020001,8
34027180204,12
34027013004,12
34037100002,4
34037100001,4
34037050002,4
34041005003,4
34037040002,4
34027135017,4
34027135020,4
34037040003,4
34037040004,4
34037035002,4
34037010006,4
34037020002,4
34037040001,4
34037020001,4
34027140001,4
34037095001,4
34037095002,4
34027140002,4
34037095003,4
34037020005,4
34027180101,12
34027180105,12
34037020004,4
34037060012,4
34037060006,12
34027180104,12
34027180102,12
34027180103,12
34037090002,4
34037090005,4
34037090014,4
34027130003,12
34027130002,12
34027130001,12
34037060004,12
34027070002,12
34027070003,12
34027070001,12
34027195002,12
34027175301,12
34037030002,4
34037030003,4
34037055007,4
34037055006,4
34037055005,4
34037045001,4
34027195001,12
34027175202,12
34027175201,12
34027175203,12
34027175304,12
34027175303,12
34027175302,12
34027170002,12
34027175204,12
34027070009,12
34027070010,12
34027170001,12
34027175403,12
34027175503,12
34027175501,12
34027175502,12
34027040201,12
34027180203,12
34027095002,6
34027035003,6
34027035004,6
34027040103,12
34027175504,12
34027180301,12
34027180304,12
34027180302,4
34027175601,12
34027175602,12
34027040102,12
34027135015,4
34027135008,4
34027180306,4
34027180305,4
34035000006,6
34035070005,6
34035070008,6
34035005002,6
34035025008,6
34027010003,12
34027175604,12
34027175603,12
34027070011,12
34031075001,12
34027070013,4
34037055004,4
34037110009,4
34037110012,4
34037110007,4
34037025004,4
34037025003,4
34003305012,7
34003305008,7
34003080004,7
34003040003,7
34003040002,7
34003305011,7
34003305010,7
34039060402,6
34035070015,6
34039060403,6
34035070013,6
34035070011,6
34035070006,6
34023085101,6
34035045001,6
34035045002,6
34003045003,7
34003045002,7
34003075102,7
34003075103,7
34003075101,7
34003075302,7
34003305005,7
34023015001,6
34023015002,6
34023085105,6
34023085102,1
34023085104,1
34023015005,6
34023015004,6
34003075301,7
34003075104,7
34003015009,7
34003075303,7
34003075304,7
34003300013,7
34003075404,7
34003265002,7
34003215001,7
34003215002,7
34003075402,7
34003075401,7
34003300014,7
34041060004,6
34041080005,6
34041080006,6
34041040002,4
34041040003,4
34041060003,6
34019090001,6
34003015012,7
34003300017,7
34003300015,7
34003300023,7
34003300016,7
34003300012,7
34003015011,7
34003300009,7
34003300010,7
34003300011,7
34037110017,4
34037110003,4
34003300008,7
34037110016,4
34037110020,4
34003220002,7
34003190001,7
34003220001,7
34037110006,4
34037110008,4
34041040005,4
34027190007,4
34041040006,4
34041040004,4
34041060002,4
34003300007,7
34003115506,7
34003260008,7
34003260006,7
34003260005,7
34003260004,7
34003115502,7
34023085401,1
34023085403,1
34023085107,1
34023085109,1
34003115504,7
34003115505,7
34003115304,7
34003115501,7
34003115405,7
34003115503,7
34003180004,7
34003115404,7
34003115403,7
34003115402,7
34003170006,7
34003170005,7
34003170001,7
34003270003,7
34003270004,7
34003230001,7
34003230006,7
34003230015,7
34003170007,7
34003285004,7
34003285005,7
34003270001,7
34003270002,7
34003285006,7
34003110007,7
34003255019,7
34003085004,7
34003085003,7
34003230016,7
34003285007,7
34003285008,7
34003285002,7
34003285003,7
34003285009,7
34003085009,7
34003285011,7
34003085008,7
34003067009,7
34029090016,8
34029090026,8
34003067008,7
34003067001,7
34003067010,7
34003067002,7
34003320002,7
34003320003,7
34003320001,7
34003005001,7
34003005002,7
34003067003,4
34031040303,4
34031040313,4
34023085201,1
34023055007,6
34023055008,6
34023055005,6
34023085307,1
34023085209,1
34023085202,1
34023085203,1
34023085206,1
34023085205,1
34031040309,4
34003085023,4
34031040505,4
34031040607,4
34031040606,4
34031040301,4
34031040608,4
34031040603,4
34031040605,4
34031020301,4
34031020103,4
34031020302,4
34031020202,4
34031020203,4
34031020401,4
34031040507,4
34031040602,4
34031040509,4
34031040611,4
34031040601,4
34031040609,4
34031040212,4
34031040211,4
34031040109,4
34031040101,4
34031040102,4
34031040104,4
34031010206,4
34023085306,1
34023085303,1
34023085302,1
34023085301,1
34023085305,1
34023085410,1
34023085404,1
34031040210,4
34031080005,4
34031040209,4
34031040508,4
34041070002,6
34041080001,6
34041115004,6
34041080002,6
34031075011,4
34031075012,4
34031075013,4
34023065112,1
34023065115,1
34023040004,1
34023065111,1
34023105001,1
34023040001,1
34019115001,6
34019035005,6
34019085003,6
34023070606,1
34023070604,1
34023070603,1
34023070602,1
34023070605,1
34023070503,1
34023070502,1
34023070501,1
34023070601,1
34035040326,1
34035050007,1
34031075010,4
34037110015,4
34031055003,4
34003165008,4
34003165009,4
34031060003,4
34031080002,12
34031080001,4
34031080004,12
34031080003,4
34031060001,4
34031070206,4
34031070205,4
34031070207,4
34031060005,4
34031040208,4
34031040207,4
34031060006,12
34031060002,4
34031060004,4
34031070403,4
34031070505,4
34031070404,4
34031070501,4
34031070502,4
34031070405,4
34031070406,4
34031070102,12
34031070201,12
34031070203,4
34031070202,4
34031070204,4
34031070101,12
34031070106,12
34027080401,12
34027080402,12
34027080201,12
34031070103,12
34027155004,12
34027155003,12
34027155002,12
34027155001,12
34013037005,12
34013037002,12
34027080301,12
34027080101,12
34027080202,12
34027080302,12
34013037003,12
34031075003,12
34031075004,12
34031075005,12
34031075002,12
34031075006,12
34027075003,12
34031005001,4
34027165002,12
34031005002,4
34031005005,4
34027105008,12
34027105006,12
34027105014,12
34027105017,12
34027105003,12
34027105012,12
34027105004,12
34027105011,12
34027105018,12
34027105007,12
34027105016,12
34027075004,12
34027075001,12
34027105015,12
34027145032,12
34027075007,12
34027010005,12
34027010004,12
34027105001,12
34027005201,12
34027005202,12
34027005401,12
34027005302,12
34027010002,12
34027005301,12
34027005102,12
34027005101,12
34027005402,12
34027145018,12
34027010001,12
34027125002,12
34027125003,12
34003080003,7
34003080002,7
34003075201,7
34003095010,7
34003095014,7
34003080001,7
34003075202,7
34003075403,7
34003095012,7
34003075203,7
34003075204,7
34003300020,7
34003300019,7
34003300022,7
34003300018,7
34003300021,7
34003300005,7
34003300004,7
34003300006,7
34003245004,7
34023065104,1
34023065212,1
34023065211,1
34023065105,1
34023065102,1
34023070403,1
34023070203,1
34023070401,1
34023070405,1
34023070504,1
34023065113,1
34023065208,1
34023065205,1
34023065101,1
34003020001,7
34003115305,7
34003115101,7
34003115102,7
34003115302,7
34003115303,7
34003115104,7
34003115301,7
34003115201,7
34003115401,7
34003115204,7
34003115205,7
34003115203,7
34003115202,7
34003155012,7
34023070207,1
34023070205,1
34023070206,1
34035040544,1
34035040545,1
34023070404,1
34003125006,7
34003125007,7
34003125008,7
34023075001,1
34023075006,1
34003155001,7
34003155011,7
34003155010,7
34003155009,7
34003285001,7
34003060001,7
34003025001,7
34003025002,7
34003105503,7
34003105502,7
34003105501,7
34003325003,7
34003105101,7
34003295001,7
34003105301,7
34003105103,7
34003105302,7
34023020004,1
34023075007,1
34023075013,1
34023075004,1
34023075016,1
34023075010,1
34023020027,1
34023105004,1
34023020034,1
34023075020,1
34023075023,1
34023075024,1
34023065107,1
34041115003,6
34041110001,6
34041115005,6
34041110002,6
34041085001,6
34003105402,4
34003105403,7
34003105201,4
34003105202,4
34031010308,7
34003105401,4
34003195009,7
34003160004,7
34003195010,7
34031010405,4
34031010401,4
34031010404,4
34031010304,4
34031010301,4
34031035205,4
34031035206,4
34023065215,1
34023065210,1
34023065109,1
34023065110,1
34023010003,1
34023010001,1
34031010306,4
34031010202,4
34031010204,4
34023075011,1
34023065114,1
34023065214,1
34031040610,4
34013080206,4
34031010123,4
34023065117,1
34023065116,1
34025255003,8
34025255001,8
34027135014,4
34035065019,6
34035065016,6
34027135018,4
34027135012,4
34025210006,5
34025210003,5
34025215001,5
34025165002,5
34025215002,5
34023030001,1
34023020010,1
34023020023,1
34027190002,6
34027190004,6
34027190001,6
34027190005,6
34027190003,6
34023065201,1
34023020039,1
34023020036,1
34023020014,1
34023020031,1
34023020038,1
34023020011,1
34023020003,1
34023115004,1
34023060002,1
34023060004,1
34023060008,1
34023060006,1
34023060009,1
34023060007,1
34023060001,1
34023060003,1
34031010210,4
34031010203,4
34031010207,4
34031010209,4
34031010205,4
34031010208,4
34031010114,4
34023020019,1
34023020032,1
34023020015,1
34023070204,1
34023070201,1
34023070202,1
34023070103,1
34023070102,1
34023070101,1
34023095030,1
34023095010,1
34023025012,1
34023125201,1
34023035013,1
34023035007,1
34023035008,1
34023025027,1
34023085406,1
34023025031,1
34023085405,1
34023085407,1
34023085208,1
34023085409,1
34023085402,1
34023110015,1
34023025077,1
34023025071,1
34023025005,1
34023025003,1
34023085103,1
34023110007,1
34025160007,8
34025255002,8
34021060003,8
34021005007,8
34021065016,8
34021005001,8
34021005014,1
34023110014,1
34023110006,1
34039060307,1
34039060306,1
34039060405,6
34035070009,6
34039060401,6
34039060404,1
34023075014,1
34023070402,1
34039060310,6
34035105005,6
34035070001,6
34023005009,5
34039045701,5
34035105003,6
34035070004,6
34035070002,6
34035070014,6
34039005011,6
34039005008,6
34039005006,6
34027025008,12
34039055004,6
34039055005,6
34039005009,6
34027025007,12
34027025002,12
34027025003,12
34039055010,12
34039055007,12
34039055008,12
34027025009,12
34013060016,12
34013060005,12
34013050010,12
34013050017,12
34027085003,12
34027055006,12
34027110005,12
34027085014,12
34027060007,12
34031080006,4
34025090003,5
34031080007,4
34027060004,12
34027060006,12
34031025003,12
34031025007,12
34031025009,12
34031010121,4
34031025006,12
34031025002,12
34031025001,12
34013065201,12
34027050007,12
34027060005,12
34027145011,12
34027145015,12
34027145013,12
34027145016,12
34027145017,12
34027145024,12
34027145020,12
34027145014,12
34027125004,12
34027145003,12
34027145019,12
34027060009,12
34013025008,12
34031025008,12
34031025004,12
34013025001,12
34013025002,12
34023040002,1
34023065202,1
34023040003,1
34031025005,12
34023065209,1
34023065203,1
34023065204,1
34023065308,1
34023065213,1
34023065207,1
34023065206,1
34027145023,12
34027145021,12
34027145028,12
34025160002,1
34025130018,8
34025080023,9
34025080019,9
34027145022,12
34027145038,12
34027145025,12
34027145030,12
34027145029,12
34027145031,12
34027145033,12
34027145034,12
34027105010,12
34027105009,12
34027050005,12
34027050006,12
34027145026,12
34027105002,12
34025160005,8
34025160001,8
34025160006,8
34029055020,8
34029055023,8
34027105013,12
34027105005,12
34029070040,9
34029070002,9
34029070025,9
34029070010,9
34013037004,12
34013075002,12
34013110102,12
34013027S06,12
34013110103,12
34019130002,6
34021010024,6
34021010026,6
34021010019,6
34021030002,6
34005192011,11
34005045001,10
34005155003,10
34005045002,10
34005045003,10
34005155002,10
34005155004,10
34005050101,10
34005050104,10
34005050103,10
34005050302,10
34005155008,10
34005050105,11
34005050102,10
34005050205,11
34005050106,11
34005050303,11
34005115009,11
34005050305,11
34005040011,11
34005040013,11
34005040012,10
34005040009,10
34005040010,11
34005040001,10
34005050301,11
34005050306,10
34005080002,8
34005080003,8
34005115006,11
34005115010,11
34005115003,11
34005115004,11
34005115005,11
34005115008,11
34005115007,11
34005115002,11
34005115011,11
34005125006,11
34005125008,11
34005100015,11
34005100016,11
34005065007,11
34005065021,11
34007043017,11
34007043045,11
34005125003,11
34007043007,11
34007043043,11
34007043016,11
34007043027,11
34007043044,11
34007043026,11
34007043039,11
34041110003,6
34041085002,6
34041105003,6
34041105002,6
34041105001,6
34041110004,6
34021030010,6
34021030009,6
34021030007,6
34021030004,6
34021030001,6
34021040002,6
34021030012,6
34021055W02,8
34021010010,8
34021010009,8
34021010006,6
34007043011,11
34007043031,11
34007043042,11
34007043040,11
34007043037,10
34007043022,11
34041050002,6
34041115001,6
34041115006,6
34041105004,6
34041110006,6
34023090008,1
34023090009,1
34023090002,1
34023090010,1
34023090004,1
34023090006,1
34023105026,1
34041025002,6
34019010004,6
34019065001,6
34023105015,1
34023010002,1
34019125002,6
34019125003,6
34019010001,6
34019010003,6
34041025001,6
34019125001,6
34021005003,1
34007043018,11
34005100011,11
34005100018,10
34005100009,11
34005100001,11
34005100004,10
34023105029,1
34023105028,1
34035040328,1
34035040324,1
34035040329,1
34035040425,1
34023090005,1
34023105003,1
34023105027,1
34023090001,1
34023090007,1
34023065108,1
34021050015,1
34021065009,1
34021065006,1
34021050016,1
34021050019,1
34023090013,1
34021050017,1
34021050018,1
34021050013,1
34005115001,11
34023105023,1
34023105030,1
34023105002,1
34023105017,1
34023105014,1
34023105013,1
34023105010,1
34023105025,1
34023105019,1
34023105020,1
34019085004,6
34019130001,6
34019035001,6
34019085002,6
34019040002,6
34019035003,6
34019035004,6
34019080002,6
34019035002,6
34021050011,1
34021050012,1
34021050014,1
34021060001,8
34021065013,8
34021065003,8
34021050021,1
34021050020,1
34019040001,6
34019040005,6
34021050007,1
34021050010,6
34021050008,1
34021065002,1
34021050005,6
34021050009,6
34019105018,6
34019045003,6
34019105011,6
34019105010,6
34019105016,6
34019080001,6
34019050002,6
34019105005,6
34019105003,6
34019050003,6
34019005002,6
34021050003,6
34021050002,6
34021065004,1
34021050001,6
34019050001,6
34019125004,6
34019110006,6
34019030007,6
34019030001,6
34019030011,6
34019040004,6
34021030006,6
34019105013,6
34019040003,6
34019105008,6
34035050030,6
34021025002,6
34021025001,6
34035050008,6
34035065003,6
34035065004,6
34019110011,6
34035025012,6
34019110001,6
34019070001,6
34019095004,6
34019095005,6
34019095003,6
34041110005,6
34019095001,6
34019020001,6
34019095002,6
34027190012,6
34041095201,6
34041095101,6
34041100001,6
34041095401,6
34019005001,6
34019005003,6
34019005004,6
34019095006,6
34041080003,6
34035030023,6
34035030010,6
34035010016,6
34023105016,1
34007043019,10
34007043020,10
34007043013,11
34019085001,6
34021030003,6
34035040101,1
34035085001,1
34035065001,1
34019100001,6
34005030010,8
34005075301,8
34005075302,8
34019080004,6
34019080003,6
34035065013,1
34021050022,6
34035065002,6
34035065014,6
34035065015,6
34035065018,1
34019075001,6
34041100002,6
34019075004,6
34005040016,10
34005040017,10
34005040015,10
34005040014,10
34005040002,10
34005040019,10
34007085009,10
34007043048,10
34005040005,10
34005040018,10
34005040003,10
34005040008,10
34005040020,10
34005160001,10
34007055010,3
34007040206,3
34007185002,3
34007040204,3
34007055009,3
34007040205,3
34007077203,3
34007077103,3
34007077201,3
34007077101,3
34007077102,3
34007077202,3
34007077302,3
34007040203,3
34007040211,3
34007040202,3
34007040201,3
34007135005,3
34007040303,3
34007135020,3
34005140007,10
34005140006,10
34005140005,10
34005140004,10
34007135006,10
34007135004,10
34007135016,3
34007040308,10
34007040407,3
34007040408,3
34007040409,3
34007040305,3
34007040301,3
34005140008,10
34005140009,10
34005040007,10
34007020005,3
34007020006,3
34007125004,3
34007077301,3
34005100008,11
34005100006,11
34005100005,11
34005100014,11
34005100007,11
34007135019,3
34007135012,3
34007135007,3
34007040106,3
34007040107,3
34007040110,3
34007040109,3
34007040108,3
34007040105,3
34007040102,3
34007040101,3
34007120003,10
34007135010,10
34007135011,10
34007120001,10
34007043008,3
34007120002,10
34007040103,3
34007040410,3
34007040401,3
34007185001,3
34007040207,3
34007080014,10
34007080001,10
34007085008,10
34007043021,11
34007043025,10
34007043012,10
34007080006,3
34007125001,3
34007005003,3
34007010001,3
34007125002,3
34007040208,3
34007040209,3
34007135023,10
34007135017,10
34007040210,3
34007090007,3
34007090006,3
34007040403,3
34007040104,3
34007135013,10
34007043010,10
34007085003,10
34007085007,10
34007085001,10
34007085002,10
34007043024,11
34007043015,11
34007043041,11
34007043023,11
34007043003,10
34007043004,10
34007043006,10
34007043001,10
34007080012,10
34007080015,3
34007080010,3
34007080009,3
34007055007,10
34007080013,10
34007080008,3
34007043009,10
34007135024,10
34007080011,10
34007080003,10
34007080002,10
34007080005,3
34007130004,3
34007055003,3
34007005008,3
34007005004,3
34007090001,10
34007085005,10
34007090004,3
34007005007,3
34007085006,10
34007055002,3
34007080007,10
34007055012,10
34007055004,3
34007055008,3
34007135015,3
34007055006,3
34007130002,3
34007055005,3
34007130003,3
34007080004,3
34007005001,3
34007005005,3
34007043032,11
34007085010,10
34007090005,3
34007055011,3
34007040304,3
34007005006,3
34007005002,3
34007135022,3
34007040306,3
34007040406,3
34007040307,3
34007040309,3
34007040302,10
34007135002,3
34007135021,3
34007135008,10
34007135001,10
34007043038,10
34005100013,10
34005100003,10
34005100010,10
34005100012,10
34005100002,10
34005100019,11
34005100017,11
34005160003,10
34005140003,10
34005140002,10
34005040006,10
34005140001,10
34005160002,10
34005040004,10
34019075005,6
34019075003,6
34019015001,6
34041035002,6
34019010002,6
34041035004,6
34041025003,6
34041035001,6
34019075002,6
34041010002,6
34041075003,6
34041075002,6
34041050001,6
34041010001,6
34019055001,6
34041035003,6
34041075001,6
34041015002,6
34041015003,6
34041115002,6
34041075007,6
34041095301,6
34041095601,6
34041100004,6
34041100003,6
34041095702,6
34041095703,6
34041095701,6
34041075006,6
34041095602,6
34041095502,6
34041075004,6
34041075005,6
34041095501,6
34041015001,6
34005015301,8
34005015201,8
34005020007,8
34005015102,8
34005020005,8
34005020006,8
34005020004,8
34021015014,8
34005020002,8
34005020003,8
34005035001,8
34005015101,8
34005020008,8
34005035002,8
34029115001,8
34005130001,8
34005135001,8
34005175001,8
34005150006,8
34005055007,8
34005095008,8
34021005006,8
34005095006,8
34005200002,8
34005175003,8
34005150010,8
34021015049,8
34021015031,8
34021015024,8
34021015037,8
34021015008,8
34021015046,8
34021015029,8
34021015063,8
34021015038,8
34005150007,8
34005150008,8
34005170001,8
34025255004,8
34021035015,6
34021035011,8
34021035014,8
34021035013,6
34021035019,6
34021035012,8
34021035016,8
34021035017,6
34021035018,6
34021035002,8
34021035008,8
34021015052,8
34021060008,8
34021060002,8
34021060005,8
34021015025,8
34021015007,8
34021015033,8
34021015001,8
34021015047,8
34021015060,8
34021015051,8
34021015061,8
34021015064,8
34021015035,8
34021015006,8
34021015041,8
34021015026,8
34021015016,8
34021010018,6
34021015023,8
34021015017,8
34021015013,8
34021055S01,8
34021055E05,8
34021055S04,8
34021015011,8
34021055S09,8
34005015103,8
34005070001,8
34005095003,8
34005080005,8
34005080001,8
34021015032,8
34021015044,8
34021015021,8
34021015058,8
34021055W11,8
34005075103,8
34005075202,8
34005075101,8
34005075102,8
34005075201,8
34021015010,8
34021015036,8
34021015056,8
34021015019,8
34021015002,8
34021015043,8
34021015042,8
34021060004,8
34005030011,8
34005030012,8
34005030013,8
34005030016,8
34005030017,8
34005075303,8
34021065015,8
34021065007,1
34005075203,8
34005175002,8
34005055001,8
34005055002,8
34005120004,8
34005055004,8
34005055003,8
34005155001,10
34005115014,11
34005115018,11
34005050201,11
34005050206,11
34005115017,11
34005115019,11
34005050202,11
34005050203,11
34005050304,11
34005125014,8
34005125025,8
34005125005,8
34005125018,11
34005090005,8
34005030014,8
34005030008,8
34005025303,8
34005030009,8
34005030018,8
34005030015,8
34005190005,8
34005120007,8
34005125024,8
34005125019,8
34005120006,8
34005120005,8
34005060002,10
34005060003,10
34005125002,11
34005115020,11
34005192034,11
34005192036,11
34005192035,11
34005120001,8
34005190003,8
34005120002,8
34005090002,8
34005950010,8
34005125016,8
34005125027,8
34005105006,8
34005090001,8
34005125020,8
34005080004,8
34005090004,8
34005190002,8
34005190001,8
34005105005,8
34005105002,8
34005125021,11
34005125022,11
34005125023,11
34005190004,8
34005105015,8
34005125012,8
34005125004,8
34005105008,8
34005065025,8
34005192021,11
34005192028,8
34005192024,11
34005192022,11
34005115016,11
34005125015,11
34005125011,11
34005115015,11
34005192033,8
34005192032,8
34005030019,8
34005060007,11
34005060006,10
34005192002,11
34005115012,11
34005115013,11
34005105009,8
34005105017,8
34005105001,8
34005025203,10
34005030005,10
34005030007,8
34005025402,8
34005025202,8
34005025401,10
34005030006,10
34005125007,11
34005125009,11
34005125001,11
34005125010,11
34005065012,11
34005065005,11
34005065006,11
34005065023,11
34005125017,11
34005065009,11
34005125013,11
34005065013,11
34007043028,11
34005192001,11
34005192005,11
34005192004,11
34005030004,11
34005192031,8
34005192018,11
34005192015,11
34005192006,11
34005192016,8
34005192014,11
34005192010,11
34005192003,11
34005192019,11
34005192023,11
34005060005,10
34005030002,10
34005030001,10
34005050204,11
34005045006,10
34005060008,11
34005192009,11
34005192029,11
34005192013,11
34005030003,10
34005045004,10
34005045005,10
34005060004,10
34005192008,11
34005192030,11
34005192012,11
34005192025,11
34005192007,11
34005155007,10
34005155005,10
34005155006,10
34005060001,10
34005010001,10
34005010002,10
34005192026,11
34005192017,8
34005010003,10
34005192027,8
34005192020,11
34005025403,10
34005025201,10
34005025103,8
34005025102,8
34005120003,8
34005095005,8
34005095004,8
34021055W10,6
34021055W01,8
34021055W05,8
34021055W07,6
34021055W14,8
34021055W12,8
34021055W16,8
34021055W04,8
34021055W08,8
34021055W15,8
34021055W13,8
34021055W03,6
34021055N05,8
34021035010,8
34021035009,8
34021055N01,8
34021035006,8
34021035021,6
34021035001,6
34021035020,6
34021055W09,8
34021055N03,8
34021035005,8
34021010007,8
34021010015,6
34021010011,6
34021035003,6
34021055N04,8
34021010023,8
34021010022,6
34021010028,6
34021010025,6
34021010012,6
34021010017,6
34021010004,6
34021010005,6
34021010013,6
34021010027,6
34021010002,6
34021010021,6
34021010008,6
34021010001,6
34021055N11,8
34021055N02,8
34021055N07,8
34021055E01,8
34021055E04,8
34021015012,8
34021055S06,8
34021015005,8
34021015004,8
34021055N08,8
34021055N06,8
34021055S03,8
34021055S07,8
34021055N09,8
34021015018,8
34021055E09,8
340210055E7,8
34021055E08,8
34021055E02,8
34021055E06,8
34021055S02,8
34021055S08,8
34021015039,8
34021055S05,8
34021055W06,8
34021055N10,8
34021055N12,8
34021055E03,8
34021040003,6
34021040001,6
34021010020,6
34021010014,6
34021030011,6
34021010003,6
34021010016,6
34005200001,8
34005150002,8
34005145001,8
34021015015,8
34021015048,8
34021015054,8
34021015034,8
34021015027,8
34023090003,1
34023090011,1
34023090012,1
34021065014,8
34021015062,8
34021015020,8
34021015059,8
34021015040,8
34021005009,1
34021005010,1
34021005011,1
34025010001,8
34025010002,8
34021015050,8
34021015028,8
34021060007,8
34021065011,1
34021065012,1
34021060009,8
34021060006,8
34021065001,1
34021065005,1
34021015055,8
34021015009,8
34021015045,8
34021015057,8
34021015053,8
34021005008,1
34021005013,1
34021005004,1
34021005005,1
34021005002,1
34021015022,8
34021015030,8
34021015003,8
34021065010,1
34021065008,8
34021050006,6
34021020002,1
34021020001,1
34021020004,1
34021020003,1
34023065106,1
34021005012,1
34021005015,1
34021005016,1
34023065103,1
34027135006,6
34027190013,6
34027190008,4
34027135010,4
34027135009,6
34027135011,4
34035005004,6
34035005007,6
34035005006,6
34035005008,6
34035005009,6
34035030022,6
34035030017,6
34027035002,6
34027135013,4
34035100003,6
34035100004,6
34035030024,6
34035020006,6
34035020003,6
34035020007,6
34035030015,6
34035005003,6
34019120001,6
34035035001,6
34035015005,6
34035030006,6
34035010022,6
34035010021,6
34035010004,6
34035030028,6
34035090008,6
34035090003,6
34035090004,6
34035090007,6
34035090005,6
34035030011,6
34035030026,6
34035005005,6
34019030005,6
34019030006,6
34019120005,6
34019110003,6
34019120002,6
34035100007,6
34027065004,12
34035100011,6
34027082001,6
34035030027,6
34035030021,6
34035030007,6
34035030018,6
34035030013,6
34035075001,6
34035005001,6
34035075002,6
34027135022,4
34027030001,6
34027035001,6
34027135001,6
34027135002,6
34027135003,6
34027135004,6
34035010015,6
34035010019,6
34035100006,6
34035010017,6
34035010009,6
34035010006,6
34035010011,6
34035010010,6
34035100002,6
34035030004,6
34035030029,6
34035030032,6
34035030019,6
34035065007,6
34035050001,6
34035050026,6
34035065009,6
34035010012,6
34035010008,6
34035030030,6
34035030025,6
34035050002,6
34035050017,6
34035050016,6
34035100005,6
34035100012,6
34035040220,1
34035040219,1
34035040551,1
34035040222,1
34035025010,6
34035030016,6
34035030033,6
34035030031,6
34035030036,6
34035030035,6
34035080005,6
34035050027,1
34035050009,1
34035060001,1
34035040327,1
34035025013,6
34035050028,6
34019030004,6
34019070002,6
34019030003,6
34019030009,6
34019030012,6
34027035005,6
34027135005,6
34019025001,6
34035025006,6
34035030001,6
34035030002,6
34035080002,6
34035025015,6
34035025003,6
34035025005,6
34019025002,6
34019030002,6
34019030008,6
34019060001,6
34035025016,6
34035025007,6
34019110002,6
34019110004,6
34019110010,6
34035025011,6
34035025009,6
34035025014,6
34019110012,6
34035000005,6
34035100013,6
34023085207,1
34023055002,6
34023055001,6
34035045003,6
34035025002,6
34019110015,6
34019110009,6
34019110013,6
34019110008,6
34019110016,6
34019110007,6
34019105001,6
34019105012,6
34019105002,6
34027135007,4
34035065008,6
34019105006,6
34019105017,6
34019105021,6
34019105019,6
34019105004,6
34019105020,6
34019105015,6
34019045002,6
34019045001,6
34019110005,6
34019110014,6
34019105014,6
34019105009,6
34019105007,6
34027190006,6
34027190009,6
34027190011,4
34019120004,6
34019120003,6
34041080004,6
34041040001,4
34019030010,6
34019070003,6
34027135019,4
34027135016,4
34027135021,4
34041040007,4
34027190010,6
34035040221,1
34035040550,1
34035040437,1
34035040214,1
34035040548,1
34035040435,1
34035040442,1
34035040549,1
34035040523,1
34035050013,6
34035050033,6
34035050015,6
34035050006,6
34035040211,1
34035040212,1
34035055003,1
34035055002,6
34035040102,1
34023105007,1
34035040103,1
34035030008,6
34035055007,1
34035055006,1
34035050005,6
34035055005,1
34035040438,1
34035040439,1
34023075018,1
34023075015,1
34035040440,1
34035040441,1
34023075027,1
34023075019,1
34023075002,1
34035040443,1
34035040546,1
34035020004,6
34035040217,1
34035040218,1
34035040216,1
34023105024,1
34035040104,1
34023105009,1
34023105005,1
34035040105,1
34023105006,1
34035050014,6
34035065017,6
34035050004,6
34035050023,6
34035065012,1
34035050018,6
34035050022,6
34035050020,1
34035050011,1
34035040110,1
34023085210,1
34023085310,1
34035030020,6
34035040547,1
34035055004,1
34035050029,6
34035050021,6
34023085304,1
34035040436,1
34035050025,6
34035050012,6
34035055001,6
34035030003,6
34035090009,6
34035090006,6
34035090012,6
34035065005,6
34035065006,1
34035080001,6
34035040106,1
34035040107,1
34035040108,1
34035050024,6
34035050032,6
34035050019,6
34035065010,6
34035040109,1
34035090001,6
34023075003,1
34035065011,6
34035080004,6
34035090002,6
34035090011,6
34035080003,6
34035030005,6
34035030034,6
34035090010,6
34023105008,1
34023105022,1
34023075017,1
34035040333,1
34035040331,1
34035040330,1
34023075012,1
34023075022,1
34023075009,1
34023075005,1
34023075026,1
34023075025,1
34023105021,1
34023105018,1
34023105011,1
34023105012,1
34023075021,1
34035040332,1
34035040334,1
34035095001,6
34035095003,6
34035020001,6
34035095002,6
34035040213,1
34023085309,1
34023085308,1
34023055009,6
34023055004,6
34023055006,6
34023055003,6
34035030009,6
34035045004,6
34023055010,6
34035040215,1
34035020002,6
34035020005,6
34035030012,6
34023085204,1
34023085108,1
34023085106,1
34023015003,6
34023015006,6
34035010005,6
34035015006,6
34027090003,6
34027090004,6
34027090001,6
34027090005,6
34027160017,12
34027160013,6
34027090002,6
34035015003,6
34035010002,6
34035015002,6
34035010001,6
34035010003,6
34035015007,6
34035015001,6
34027160018,12
34027110013,12
34027110014,12
34027110011,12
34035010007,6
34027160014,12
34027160012,6
34027082002,6
34027160004,12
34027160008,12
34027160015,12
34027160001,12
34027160019,12
34027110016,12
34035015004,6
34027110017,12
34027110018,12
34027110022,12
34027160009,12
34027180402,4
34027180401,4
34035010024,6
34035010023,6
34027180406,4
34027180303,4
34027180405,4
34027180404,4
34027180403,4
34027110002,12
34027110001,12
34027115005,12
34027120402,12
34027110019,12
34027120401,12
34027110020,12
34027120302,12
34027160003,12
34027115003,12
34027120301,12
34027120303,12
34027120403,12
34027120103,12
34027120203,12
34027120202,12
34037035001,4
34037065001,4
34037065002,4
34037090012,4
34037090007,4
34037090010,4
34037090003,4
34037030001,4
34037045002,4
34037055002,4
34037055001,4
34037055003,4
34037065003,4
34037120003,4
34037120002,4
34037120008,4
34037070002,4
34037010004,4
34037010003,4
34037020006,4
34037090006,4
34037090004,4
34037060007,4
34037060010,4
34037060002,4
34037120005,4
34037120004,4
34027070006,12
34027070004,4
34037090013,4
34027070008,12
34037010001,4
34037010002,4
34037090008,4
34037110001,4
34027070014,12
34027070012,4
34037105001,4
34037120007,4
34037070001,4
34037060005,4
34037060008,4
34037070003,4
34037110004,4
34037085001,4
34037025002,4
34037025001,4
34037110002,4
34037110018,4
34037110011,4
34037015001,4
34037050003,4
34037050004,4
34037075002,4
34037010005,4
34037005001,4
34037035004,4
34037020003,4
34037050001,4
34037075003,4
34037075004,4
34037075001,4
34037075006,4
34037100003,4
34037110005,4
34037035003,4
34037075005,4
34037090001,4
34027070007,12
34037090011,4
34037080002,4
34037080001,4
34027070005,12
34037090009,4
34037060001,12
34037060003,4
34037060009,4
34037060011,4
34027175402,12
34027175401,12
34027175404,12
34037120006,4
34037110010,4
34037110014,4
34037110013,4
34037110019,4
34025105004,5
34025105005,5
34025105002,5
34025105006,5
34025155030,9
34023077608,1
34025130020,9
34025130024,9
34025130019,1
34025130009,9
34025130004,9
34025130003,9
34025130023,1
34023077510,1
34023065307,1
34023065305,1
34023077306,5
34023077307,5
34025140009,5
34023077208,5
34023077202,5
34025140004,9
34025155045,9
34025155001,9
34025155020,5
34025155022,5
34025155031,5
34025155014,5
34025155011,5
34025155012,5
34025155032,5
34025155018,5
34025200006,5
34025225002,9
34025155010,5
34025200008,9
34025ZZZZZZ,5
34039020102,5
34039020105,5
34039020104,5
34039020107,5
34039020108,5
34025085002,5
34025085001,5
34025085003,5
34025140010,9
34025140002,9
34025140005,9
34023077507,1
34023077207,9
34025140024,9
34025140008,9
34025140012,9
34025140018,9
34025140016,9
34025130007,9
34025140015,9
34025155036,5
34025155034,5
34023065304,1
34025130021,8
34025130022,8
34025130001,1
34025140019,9
34025140027,9
34025140023,9
34023065310,1
34023065309,1
34023065306,1
34025080004,9
34025080020,9
34025080018,9
34025095004,9
34025080009,9
34025080026,9
34025080013,9
34023065302,1
34023065303,1
34023065301,1
34023120005,1
34023120006,1
34023077602,1
34023077404,9
34023077405,9
34023077407,9
34023077509,9
34023077401,1
34023077409,9
34023077403,5
34025155023,5
34025047002,9
34025090005,9
34023080105,5
34023095006,5
34023100202,5
34025140013,9
34025155043,9
34025155041,9
34025155040,9
34025155035,9
34025140025,9
34025047006,9
34025047004,9
34025003013,5
34025145004,5
34025140026,5
34025047008,9
34025155005,9
34025155019,9
34025155044,9
34025155039,9
34025155038,9
34025210002,5
34025247002,9
34025247001,9
34025082007,5
34025082005,5
34025082011,5
34025082017,5
34025090006,9
34025155002,5
34025065001,5
34025210001,5
34025025002,5
34025003001,5
34025003005,5
34025003012,5
34025003011,5
34025003010,5
34025003009,5
34023120002,1
34023120007,1
34023120001,1
34023120004,1
34023077204,9
34023077406,5
34025130012,9
34025025004,5
34025025001,5
34025025003,5
34025210005,5
34023115010,1
34023095033,1
34023095028,1
34023077606,9
34023077605,1
34023077505,1
34023077508,9
34023077506,9
34025050001,5
34025125001,5
34025125008,5
34025125002,5
34025165001,5
34025210004,5
34025090001,5
34025090002,9
34025090007,9
34025065002,5
34025065005,5
34025190001,5
34025065004,5
34025065003,5
34025065006,5
34025247004,9
34025247006,9
34025005001,5
34025015006,5
34025015007,5
34025120001,5
34025185016,9
34025185020,9
34029070007,9
34029070014,9
34029070008,9
34029035003,9
34029035034,9
34029035009,9
34029035004,9
34029035010,9
34029035060,9
34029025137,9
34029110001,9
34029050001,9
34029050002,9
34029110002,9
34029055021,8
34029055013,8
34029055031,8
34029020002,8
34029020001,9
34029070021,9
34025095003,9
34025095025,9
34025095022,9
34025095007,9
34029055002,8
34029035049,9
34029035024,9
34029035059,9
34029035043,9
34029070029,9
34029070020,9
34029035050,9
34029035044,9
34029035052,9
34029070041,8
34029070016,9
34029070026,9
34029070042,8
34029070005,8
34025095029,9
34025095013,9
34025095001,9
34025095010,9
34025095031,9
34025095030,9
34025047003,9
34025140001,9
34025140014,9
34025140006,9
34025047007,9
34025047001,9
34025095027,9
34025170020,9
34025185022,9
34025170019,9
34029070035,9
34029090002,8
34029070017,9
34029070036,9
34029070027,9
34029070004,9
34029070012,8
34029055018,8
34029055019,8
34029025421,8
34029035014,8
34029055022,8
34029055005,8
34029055026,8
34029090031,8
34029090037,8
34029090005,8
34029075002,5
34029035056,9
34029035057,9
34029035039,9
34029035023,9
34029035028,9
34029035035,9
34029035022,9
34029070030,9
34029070023,9
34029070031,9
34029070034,9
34025200001,5
34025200002,5
34025200005,5
34025045002,9
34025045001,9
34025135001,9
34025135003,5
34025260011,9
34025260009,9
34025260016,9
34029025331,8
34025260018,9
34025260017,9
34029055007,9
34029055008,9
34025260002,9
34025260014,9
34025260012,9
34025260008,9
34025095008,9
34029055027,9
34029055009,9
34025095016,9
34025245003,9
34025135004,5
34025095017,9
34025095009,9
34025095011,9
34025095005,9
34029030036,9
34029030008,9
34029030019,9
34029030045,9
34029070019,9
34029070022,9
34029070018,9
34029070015,9
34029070037,9
34029070028,9
34029030041,9
34029030001,9
34029030016,9
34029070009,9
34029070013,9
34029030050,9
34025095026,9
34029030046,9
34029030021,9
34029030020,9
34029030056,9
34029030017,9
34029030027,9
34029030054,9
34025070001,9
34025095002,9
34029030039,9
34025095015,9
34029030029,9
34025095019,9
34025095018,9
34029020004,8
34029020007,8
34029020005,8
34029123004,9
34029123003,9
34029030023,9
34029030057,9
34029030030,9
34029030003,9
34029030024,9
34029030031,9
34029123001,9
34029030028,9
34029030048,9
34029030047,9
34029035017,9
34029035061,9
34029035046,9
34029035055,9
34029145003,8
34029025301,8
34029120006,9
34029120002,9
34025045003,9
34029030026,9
34029095001,9
34029070011,9
34029070001,9
34029055015,9
34029120004,9
34029120005,9
34029120003,9
34029120001,9
34029120010,9
34029055032,8
34029055025,9
34029055012,9
34029035002,9
34029035001,9
34029035036,9
34029090010,8
34025080011,9
34029055006,8
34029055016,8
34029070006,9
34029070043,9
34029030002,9
34029030042,9
34029030011,9
34025080002,9
34025095032,9
34025095014,9
34029030038,9
34029030022,9
34029030052,9
34029030014,9
34029035058,8
34029035030,8
34029035048,8
34029070032,8
34029090029,8
34029065001,8
34029090001,8
34029090008,8
34029090011,8
34029090012,8
34029090007,8
34029090006,8
34029090018,8
34029090019,8
34029090015,8
34029025424,8
34029025425,8
34029025423,8
34029090039,8
34029090028,8
34029035006,9
34029035037,9
34029035021,9
34029035025,9
34029035051,9
34029090004,8
34029035063,8
34029035013,9
34029090024,8
34029090033,8
34029090003,8
34029025418,8
34029035040,9
34029145001,8
34029025414,8
34029025326,8
34029025428,8
34029025330,8
34029025319,8
34029025438,8
34029025410,8
34029025412,8
34029025313,8
34029090032,8
34029090036,8
34029090038,8
34029035018,9
34029020006,8
34029090034,8
34029090027,8
34029090025,8
34029090020,8
34029090030,8
34029090035,8
34029090014,8
34029090013,8
34029090017,8
34029025409,8
34029025308,8
34029145002,8
34029025329,8
34029025327,8
34029020003,8
34029070033,9
34029035047,9
34029070038,9
34029070039,9
34029035062,9
34029035045,8
34029090022,8
34029090023,8
34029090021,8
34025080021,9
34025080015,9
34025095021,9
34025095028,9
34029055017,8
34025080010,9
34025080025,9
34025080003,8
34025080017,9
34025075002,9
34025075003,9
34025080006,9
34025080014,9
34025095024,9
34029055010,9
34029055029,8
34029055034,8
34025130013,9
34025130017,9
34025130026,9
34025130006,9
34025080005,9
34025080012,9
34025130027,9
34025130025,9
34025075001,9
34029055033,8
34025140020,9
34025060001,9
34029055028,8
34025140028,9
34025130016,9
34025130014,9
34025130015,9
34025130011,9
34025130005,9
34025130010,9
34025080007,9
34025095020,9
34025080016,9
34025130002,1
34025075004,9
34025075005,9
34025075006,9
34023065311,1
34025095023,9
34029055030,9
34025095006,9
34025095012,9
34025140022,9
34025140017,9
34025140007,9
34025140011,9
34025140021,9
34025080001,9
34025075007,9
34025130008,9
34029120009,9
34029120012,9
34029120014,9
34029120011,9
34029120013,9
34029035041,9
34029035012,9
34029035053,9
34029120015,9
34029035011,9
34029035042,9
34029035038,9
34029123002,9
34029030013,9
34029035033,9
34029120016,9
34029120008,9
34029030005,9
34029010001,9
34029030018,9
34029075001,9
34029130001,5
34029035019,9
34029035027,9
34029035054,9
34029035029,9
34029035005,9
34029035007,9
34029035016,9
34029035031,5
34029035032,9
34029035008,5
34029030055,9
34029030025,9
34029030053,9
34029030007,9
34029030010,9
34029030037,9
34029035026,5
34029105001,5
34029135001,5
34029135002,5
34029030051,9
34029030012,9
34029030032,9
34029030006,9
34029030034,9
34029030004,9
34029030009,9
34029035020,9
34029030044,9
34029030040,9
34029030015,9
34029035015,9
34029030033,9
34029070024,9
34029070003,9
34029030035,9
34029030043,9
34029030049,9
34029120007,9
34025185011,5
34025185002,5
34025225003,5
34025225001,5
34025115006,5
34025200009,9
34025055002,9
34025247015,9
34025230001,9
34025055001,9
34025035004,5
34025235001,5
34025240002,5
34025260005,5
34025260006,5
34025260010,9
34025245002,9
34025220001,5
34025170016,5
34025260003,5
34025035003,5
34025170004,5
34025055008,9
34025055003,9
34025055007,9
34025265006,9
34025265001,5
34025100001,5
34025185004,5
34025185003,5
34025015001,5
34025015009,5
34025015005,5
34025015008,5
34025055005,9
34025055009,9
34025055004,9
34025055006,9
34025170013,9
34025185021,9
34025185012,9
34025247010,9
34025125012,5
34025185019,9
34025247009,9
34025247013,9
34025247005,9
34025247007,9
34025185015,5
34025185018,5
34025185014,5
34025247014,9
34025115002,5
34025115004,5
34025200004,5
34025200003,5
34025200007,5
34025260015,9
34025040001,5
34025170002,5
34025170001,5
34025170014,9
34025170010,9
34025185013,5
34025185017,5
34025247012,9
34025247011,9
34025170018,9
34025170006,9
34025170015,9
34025170017,9
34025135002,9
34025190004,5
34025115001,5
34025172001,5
34025170007,5
34025170005,5
34025170012,5
34025172003,5
34025170008,5
34025170011,5
34025260001,9
34025260004,9
34025260019,9
34025260013,9
34025170009,5
34025185006,5
34025185010,5
34025185008,5
34025185007,5
34025220002,9
34025240003,5
34025245001,9
34025245005,9
34025265002,5
34025035002,5
34025035001,5
34025185005,5
34025015002,5
34025260007,9
34025115003,5
34025115005,5
34025185001,5
34025155042,9
34025155025,9
34025247008,9
34025247003,9
34025240004,5
34025245004,9
34025240001,5
34025172002,5
34025030002,5
34025172004,5
34025015003,5
34025035005,5
34025030001,5
34025040004,5
34025040003,5
34025040002,5
34025015004,5
34025170003,5
34025125010,5
34025265005,5
34025265004,5
34025125004,5
34025265003,5
34025125003,5
34025125007,5
34025125006,5
34025125009,5
34025115007,5
34025190002,5
34025125014,5
34025190005,5
34025190003,5
34025125013,5
34025125017,5
34025125015,5
34025125005,5
34025125011,5
34025125016,5
34025185009,5
34013010108,4
34013010314,4
34013010107,4
34013065406,12
34013065403,12
34013040001,4
34013065303,12
34039080019,1
34039080018,1
34039080023,1
34039080017,1
34023025001,1
34023025066,1
34039010101,1
34039080021,1
34039080015,1
34023025050,1
34013040002,4
34013010104,4
34013040008,4
34013010103,4
34013010109,4
34013010110,4
34013010102,4
34013010105,4
34013010111,4
34013010112,4
34013065401,4
34013040004,4
34013065206,4
34013010207,4
34013010210,4
34013010202,4
34013010201,4
34013010203,4
34013100006,12
34013100011,12
34013100008,12
34013100009,12
34013065208,4
34013065106,4
34013065103,4
34013065105,4
34013065108,4
34013065104,4
34013010205,4
34013010204,4
34013065107,4
34013065109,4
34031010120,4
34013025003,12
34031010112,4
34031010113,4
34025003006,5
34025003007,5
34039060203,6
34023025047,1
34023025057,1
34023025063,1
34023025074,1
34023025018,1
34023025016,1
34039060209,1
34039060206,1
34039060210,6
34039060208,6
34039060211,6
34039080020,1
34039060207,6
34039060105,6
34039060107,6
34023110003,1
34039060304,1
34039060103,6
34039060204,1
34039060102,6
34039060104,6
34025082002,5
34025082009,5
34025110004,5
34025082004,5
34013030510,4
34013050005,12
34013050009,12
34025110002,5
34025110006,5
34025082016,5
34025110003,5
34023077105,5
34023077101,5
34013070C17,4
34013070C15,4
34013070C32,4
34013070C03,4
34013070W09,4
34013070C39,4
34013070W10,4
34013030501,4
34013070W06,4
34013070W07,4
34013030404,12
34013030403,4
34013030402,4
34013070C20,4
34013070W47,4
34013070W17,4
34013070W13,4
34025110005,5
34023095005,1
34023025010,1
34023025051,1
34023125203,1
34023125205,1
34023125211,1
34023125212,1
34013070C23,4
34013070C22,4
34013070C42,4
34013070C06,4
34025082006,5
34025082015,5
34025082008,5
34013070C09,4
34013070C12,5
34013070S25,5
34013070C07,5
34013070C08,5
34013045E04,6
34013045E05,6
34013045E09,6
34013070S03,5
34013070S47,5
34023110004,1
34013070S48,5
34013070S27,5
34013070S49,5
34035070003,6
34025155046,5
34025155017,5
34025250003,5
34025250004,5
34025250005,5
34025250001,5
34025082001,5
34039020502,5
34017005109,5
34039020501,5
34013070E03,5
34039095028,6
34039095042,6
34013010301,4
34013010306,4
34013010313,4
34013010311,4
34013010312,4
34039020503,5
34039020601,5
34039020404,5
34039002067,5
34039002048,5
34039020109,5
34039020106,5
34039020101,5
34039020103,5
34039002010,5
34039020603,5
34039002068,5
34039020207,5
34039045804,5
34039045502,5
34039070104,5
34039070102,1
34039070101,1
34039020308,1
34039020309,1
34039020310,1
34039045601,5
34039045803,5
34039045504,5
34039045503,5
34013095008,12
34013027S04,12
34013110108,12
34039045403,5
34039045402,5
34039070303,1
34039010102,1
34039010103,1
34039080016,1
34039100403,1
34039100404,1
34039070403,1
34039070401,1
34039075401,1
34039075501,1
34039045102,5
34039045903,5
34039070504,5
34039045904,1
34039046002,5
34039046905,5
34039045902,1
34039045901,1
34039070502,1
34039046003,5
34039046004,1
34039046001,1
34039015027,1
34039095036,6
34039095030,6
34039095025,6
34039010301,5
34039015010,1
34039010302,5
34039010201,1
34039015011,1
34039015005,1
34039105001,5
34039105002,1
34039015026,6
34039015023,6
34039015028,6
34039015007,6
34039015020,6
34039015025,1
34039015015,1
34039015004,1
34039015014,1
34039015002,1
34039015006,1
34039010202,1
34039100305,1
34039100307,1
34031010111,4
34031010116,4
34031010118,4
34031010115,4
34031010117,4
34013010211,4
34013010209,4
34013010208,4
34031010102,4
34003160010,4
34003280001,7
34017005208,5
34017005304,5
34017005310,5
34013070E29,5
34013070E12,5
34013070C04,4
34013070C05,5
34013070C41,5
34013005206,4
34013080101,4
34013010206,4
34013080107,4
34013005304,4
34039010204,1
34039010203,1
34039010404,1
34039010402,1
34039010401,1
34039065304,5
34039065302,5
34039065303,5
34039065604,5
34039065602,5
34013010106,4
34013005101,4
34013005102,4
34013005103,4
34013070N17,4
34013070N03,4
34013070N48,4
34013070N49,4
34013070N05,4
34013070N08,4
34013070N37,4
34013070N27,4
34013070N28,4
34013070N02,4
34013070N26,4
34013070N01,4
34039010304,5
34039010403,5
34039065603,5
34039010303,5
34023125102,5
34023125302,5
34023125310,5
34023125109,5
34023125114,5
34023125309,5
34017030D26,7
34017030D25,7
34017030D27,7
34017030D22,7
34013070C37,4
34013070W46,4
34013070N38,4
34013070C44,4
34013070C43,4
34013070E08,5
34013070E17,5
34013070E18,5
34013070E01,5
34013070C01,4
34013070C40,4
34039020508,5
34039020509,5
34039020403,5
34013010310,4
34013030104,4
34013010305,4
34023125511,1
34023125507,1
34039100306,1
34039030002,1
34039065201,5
34039065203,5
34039065204,5
34039065104,5
34039065202,5
34039065401,5
34039065103,5
34039065102,5
34039100405,1
34039100304,1
34039100303,6
34039100204,6
34039100202,6
34039100206,6
34039100205,6
34039045203,5
34039045202,5
34039045603,5
34039100201,6
34039100302,1
34039100301,1
34039050002,6
34039085014,6
34039100401,1
34039100402,1
34039100101,6
34039080009,6
34039100103,6
34039100105,6
34039080014,1
34039080012,6
34039080011,6
34039025003,6
34039025006,6
34039025007,6
34039080010,6
34039080013,1
34027020004,12
34027055004,12
34027055001,12
34039025004,6
34039025005,6
34013010309,4
34013010304,4
34013010308,4
34039010104,1
34039025002,6
34039080003,6
34039025001,6
34039060101,6
34039080002,6
34039060108,6
34039080001,6
34039005001,6
34039060106,6
34039045703,5
34039045602,5
34039070503,1
34039070501,1
34039070304,5
34013030505,4
34013030507,4
34039045702,5
34023005002,5
34035070010,6
34023080404,5
34023080406,5
34023080402,5
34023080403,5
34023080405,5
34023080104,5
34023080103,5
34023080604,5
34023080611,5
34023080101,5
34023080201,5
34023125104,5
34023125105,5
34023125209,5
34023125411,5
34023125401,5
34023125215,5
34023125107,5
34023125208,5
34023125213,5
34023125204,5
34023125407,5
34023080609,1
34023080614,5
34023125214,1
34023125206,1
34023095022,5
34023100302,5
34023100103,5
34023100203,5
34023100101,5
34023077304,5
34023077107,5
34023095031,5
34023095034,5
34023095012,1
34023095016,5
34023095026,1
34023095014,5
34023077108,5
34023077106,5
34023077402,9
34023077305,9
34023077201,5
34023035001,1
34023075008,1
34023070106,1
34023020005,1
34023070104,1
34023035002,1
34023035003,1
34023035004,1
34023035009,1
34023035005,1
34023035012,1
34023035006,1
34023020035,1
34023020029,1
34023020009,1
34023125508,5
34023125509,5
34023125113,5
34023125304,5
34023125301,5
34023125405,5
34023125406,5
34023125402,5
34023125413,5
34023125404,5
34023125514,5
34023125512,1
34023125504,5
34023125510,5
34023025067,1
34023125516,5
34023125518,5
34023125506,5
34023125410,5
34023125515,5
34023020013,1
34023070105,1
34023025038,1
34023025021,1
34023025023,1
34023025022,1
34023025037,1
34023025020,1
34023025033,1
34023025070,1
34023025065,1
34023125408,5
34023025042,1
34023025045,5
34023125207,5
34023025036,1
34023050006,1
34023025061,1
34023025041,1
34023050004,1
34023050005,1
34023025008,1
34023025009,1
34023025011,1
34039065301,5
34039065405,5
34023050001,1
34023025004,1
34023025035,1
34023050003,1
34023077503,9
34023077502,9
34023077501,9
34023077504,9
34023077607,1
34023077601,1
34023095015,1
34023115014,1
34023115013,1
34023125513,5
34023025014,1
34023025013,1
34023050009,1
34023080202,5
34023080302,5
34023080301,5
34023080501,5
34023080502,5
34023080601,5
34023025019,1
34023025029,1
34023025025,1
34023025024,1
34023025052,1
34023025055,1
34023095007,1
34023095002,1
34023095003,1
34023095018,1
34023095023,1
34023025028,1
34023025059,1
34023025039,1
34023095004,1
34023095032,1
34023095027,1
34023095011,1
34023035010,1
34023035011,1
34023025049,1
34023025026,1
34023025060,1
34023025048,1
34023025056,1
34023020021,1
34023020006,1
34023020016,1
34023020028,1
34023020002,1
34023115008,1
34023115011,1
34023115012,1
34023115009,1
34023115002,1
34023095009,1
34023115001,1
34023020020,1
34023020022,1
34023020001,1
34023020025,1
34023020026,1
34023115007,1
34023120003,1
34023020040,1
34023020037,1
34023020030,1
34023020012,1
34023115003,1
34023020017,1
34023020007,1
34023020024,1
34023020008,1
34023060005,1
34023115006,1
34023115005,1
34023020033,1
34023020018,1
34023077604,1
34023077603,1
34023095001,1
34023095029,1
34023050012,1
34023050011,1
34023025030,1
34023025034,1
34023025062,1
34023050008,1
34023050010,1
34023110010,1
34023110011,1
34023025058,1
34023025076,1
34023025073,1
34023125412,5
34023125403,5
34023125414,5
34023025017,1
34023110002,1
34023110008,1
34023110013,1
34023110009,1
34023110012,1
34023025068,1
34039060305,1
34039060301,6
34039060302,1
34039060201,6
34023085408,1
34023125505,1
34023025002,1
34023025078,5
34023025069,1
34023025032,5
34023025054,1
34023025044,5
34023025040,1
34023025006,1
34023025007,1
34023025064,1
34023025015,1
34039060303,1
34023025043,1
34023025075,1
34023110001,1
34039060308,1
34023110005,1
34039060309,1
34039060205,1
34039060202,1
34023050002,1
34023050013,1
34023050007,1
34023025053,1
34023025046,1
34023025072,1
34025145003,5
34025145001,5
34025145005,5
34025145006,5
34025145007,5
34025003002,5
34025145002,5
34025003004,5
34023077203,5
34025003008,5
34025110001,5
34025003003,5
34025082014,5
34023077102,5
34023077104,5
34023077103,5
34023095008,5
34023100303,5
34023095025,5
34023100102,5
34023077302,5
34023095024,5
34023095013,1
34023077206,5
34023100201,5
34023095019,5
34023077303,5
34023095021,5
34023095020,5
34023095017,5
34023100301,5
34025082013,5
34023005015,5
34023005016,5
34023005018,5
34023005017,5
34023005011,5
34023125307,5
34023125108,5
34023125409,5
34023125111,5
34023125305,5
34039065601,5
34039065403,5
34039065504,5
34039065501,5
34039065404,5
34023125311,5
34023125306,5
34023005019,5
34023125308,5
34023080503,5
34023080613,5
34023125112,5
34023125103,5
34023125106,5
34023125115,5
34023125303,5
34023125210,1
34039065101,5
34023125101,5
34023125110,5
34023005004,5
34023005003,5
34023125503,5
34023125502,5
34023125501,5
34023005007,5
34023005008,5
34023125312,5
34023080603,1
34023080612,5
34023080605,5
34023080607,5
34023125202,1
34023080602,5
34023080401,5
34023080606,5
34023080610,5
34023080102,5
34023080608,5
34023125517,5
34023125313,5
34039065503,5
34039065502,5
34023005006,5
34023005010,5
34023005005,5
34023005013,5
34023005001,5
34023005012,5
34023005014,5
34039085013,6
34039085007,12
34039085009,6
34039085008,12
34039085006,12
34039085005,12
34039090201,12
34013060009,12
34039085004,12
34013060008,12
34013060011,12
34039015024,6
34039050001,6
34039050007,6
34039050008,6
34039050009,6
34039085003,12
34039085002,12
34039095024,12
34039085001,12
34013060015,12
34013060013,12
34013060004,12
34013060014,12
34013060003,12
34027020002,12
34039090202,6
34039090203,6
34039090103,12
34013055002,12
34013060012,12
34013110414,12
34013110402,12
34039095010,6
34039095009,6
34039095011,6
34013060001,12
34013060007,12
34027085011,12
34027085006,12
34039030003,6
34039030001,6
34039030004,6
34039015022,6
34039015017,6
34027085004,12
34027085002,12
34027085010,12
34027055007,12
34027055003,12
34013027W03,12
34013027E04,12
34013027E05,12
34027055002,12
34013027E02,12
34013027W05,12
34013027N03,12
34013027N04,12
34013027E01,12
34013027N02,12
34027055009,12
34027055008,12
34013050011,12
34013060006,12
34013060002,12
34013055007,12
34013030207,12
34039095013,6
34039095032,6
34039095002,6
34039095001,6
34039095026,6
34039095004,6
34013027S05,12
34013027S01,12
34013027W06,12
34013095010,12
34013095002,12
34013027S02,12
34013070W39,12
34013027W04,12
34013045N05,12
34013045N04,12
34013070W31,12
34013070W30,12
34013045N06,12
34013045N07,12
34013045N08,12
34013110107,12
34013110104,12
34013110201,12
34013110106,12
34013110204,12
34013050022,12
34013050026,12
34013050019,12
34013050015,12
34027085009,12
34027085005,12
34027085013,12
34027085001,12
34013095009,12
34013095006,12
34013030302,12
34013030309,12
34013030314,12
34013030312,12
34013070W41,12
34013030310,12
34013030311,12
34013030304,12
34013030306,12
34013070W24,12
34013030303,12
34013030305,12
34013030211,12
34039035301,6
34039035404,6
34039035203,6
34013070S45,6
34013070S46,6
34013070S38,6
34039015009,6
34039040005,6
34039040001,6
34039040006,6
34039085011,6
34039085010,6
34013037001,12
34013050004,12
34013050003,12
34013050025,12
34039015019,6
34039015016,6
34039015018,6
34013050012,12
34013050002,12
34013050001,12
34027085008,12
34027025004,12
34027085012,12
34027085007,12
34013090103,12
34027050001,12
34013090102,12
34013090106,12
34027145027,12
34027050003,12
34027020007,12
34027020005,12
34027020009,12
34013105009,12
34013105006,12
34013105004,12
34027020003,12
34013110415,12
34013110401,12
34013110403,12
34013100005,12
34027050004,12
34013110202,12
34013110203,12
34013110301,12
34013110303,12
34013065301,12
34013065302,12
34013065308,12
34013100010,12
34013065210,12
34013030212,12
34013030202,12
34013030201,12
34013030204,12
34013030203,12
34013030313,12
34013070W21,12
34013030412,12
34013030410,12
34013030210,12
34013030401,12
34013070W20,12
34013030405,12
34013030407,12
34013070S01,6
34013070C28,4
34039015029,1
34039015001,1
34013030109,4
34013030105,12
34013030111,12
34013030102,12
34013030110,4
34013030106,4
34013030504,4
34013030503,4
34013040003,4
34013040005,4
34013010302,4
34013030506,4
34013030508,4
34013030512,4
34013030509,4
34013095011,12
34013095003,12
34013095007,12
34013110101,12
34013030406,4
34013030409,4
34039090213,6
34039090205,6
34039090212,6
34039100203,6
34039085012,6
34013050018,12
34013050014,12
34013050008,12
34013050013,12
34013050021,12
34013050024,12
34013110405,12
34013110412,12
34013110413,12
34013050006,12
34013050007,12
34013050020,12
34013090104,12
34013090105,12
34013090101,12
34013035001,12
34013035002,12
34013110406,12
34013110407,12
34013110416,12
34013110109,12
34039090211,12
34039090210,6
34039090209,6
34039090204,6
34039090208,12
34039090112,12
34039100104,6
34039100106,6
34039080008,6
34039080007,6
34039050003,6
34039050004,6
34039100102,6
34039050005,6
34039090207,6
34039090206,6
34027020006,12
34027020008,12
34039090102,12
34039050006,6
34039055002,12
34039055001,12
34039055003,12
34027025010,12
34027025005,12
34027025006,12
34039055009,12
34039055006,12
34039090101,12
34039090105,12
34039055011,6
34027020001,12
34039090110,12
34039090109,12
34039090108,12
34039080005,6
34039080006,6
34039005007,6
34039080004,6
34039090111,12
34039100107,6
34039090106,12
34039090104,12
34039090107,12
34027055005,12
34027050008,12
34027145036,12
34013050016,12
34027050002,12
34027145035,12
34039095012,1
34039035103,1
34039035401,1
34039035201,6
34039020303,1
34039020306,1
34039020313,1
34039020304,1
34039075102,1
34039075101,1
34039040004,6
34039075502,1
34039040003,6
34013070S02,6
34013070S28,5
34013070S29,5
34039095023,6
34039035303,6
34039020206,5
34039020204,5
34039095021,1
34039095017,1
34039095034,1
34039020301,1
34039020302,1
34039095046,6
34039070204,1
34039070202,1
34039070203,1
34039070103,1
34013095012,12
34013070W38,12
34039095045,6
34039095020,12
34039070201,1
34039070301,1
34013055022,12
34013070W35,12
34013070W45,12
34013055010,12
34013070W34,12
34013095001,12
34013070W36,12
34039045401,5
34013055011,12
34013055013,12
34013055003,12
34013055004,12
34013055008,12
34013055001,12
34013055015,12
34013055020,12
34013055016,12
34013055012,12
34013055021,12
34013045W08,12
34013095004,12
34013095013,12
34039095043,12
34039095019,6
34039095029,12
34039095027,6
34039095005,12
34039095040,6
34039095018,6
34039095039,12
34039095014,6
34039095015,6
34039095022,6
34039075301,1
34039070302,1
34039035302,6
34039035402,1
34039035403,1
34013055019,12
34039095037,6
34039095050,6
34013045S01,6
34013045S05,6
34013045S02,6
34013045E01,6
34013045E02,6
34013045E03,6
34039015012,1
34039015030,6
34039095033,1
34039095047,6
34039095003,6
34039095035,6
34039035202,6
34039035102,6
34013070S44,6
34013070S42,6
34013045S03,6
34013045N03,6
34039035101,6
34013045S08,6
34039095006,12
34039095007,12
34039095038,12
34039095008,12
34039095044,12
34039075201,1
34039075202,1
34039095031,6
34013045W07,12
34013045W03,12
34013045W02,12
34013055014,12
34013045W04,12
34013045N01,12
34013045S07,6
34013045W09,12
34039020401,5
34039020505,5
34039020504,5
34039020506,5
34039040002,6
34039095048,6
34039020406,1
34039020405,1
34039002065,5
34039020312,1
34039002037,1
34039020203,5
34039020201,5
34039015003,1
34039015013,1
34039015021,1
34039015008,1
34039075402,1
34039070402,1
34039075302,1
34039095016,6
34013055009,12
34013055005,12
34039009541,12
34039095049,12
34013055017,12
34013055006,12
34013060010,12
34039020607,5
34039020606,5
34039045501,5
34039023811,1
34039020305,1
34039020402,1
34039002047,5
34039020511,5
34039002049,1
34039020410,1
34039020205,5
34039020202,5
34039002028,5
34039002211,5
34039020510,5
34039020209,5
34039020602,5
34039002064,5
34013045N09,12
34013045N10,12
34013070W26,12
34013070W27,12
34013070W25,12
34013070W29,12
34013070W22,12
34013070S22,6
34013070S21,6
34013070S23,6
34013070S20,6
34013070W23,12
34013070W32,12
34013070W33,12
34013070S30,6
34013070S39,6
34013070S36,6
34013070S35,6
34013070S24,6
34013070S41,6
34013045S11,6
34013045S10,6
34013045N02,12
34013045W06,12
34013045W01,12
34013070S19,6
34013070S17,6
34013070S15,6
34013070S16,6
34013070S18,6
34013070S04,6
34013070S12,6
34013070S11,6
34013070S10,5
34013045S09,6
34013045E08,12
34013070W48,6
34013070W19,4
34013070W49,6
34013070W15,4
34013070S40,6
34013070S34,6
34013070W40,12
34013030301,12
34013070W37,12
34013070W28,12
34013070S13,6
34013070S08,6
34013070S32,6
34013070S37,6
34013100002,12
34013065307,12
34013065102,12
34013025004,12
34013065203,4
34013100003,12
34013110503,12
34013110504,12
34013065304,12
34013110205,12
34013030101,4
34013027N05,12
34013110501,12
34013110505,12
34013110502,12
34013110408,12
34013110410,12
34013065202,4
34013065204,4
34013065205,4
34013065209,4
34013025005,12
34013065101,4
34013050023,12
34013075003,12
34013075004,12
34013110411,12
34013075001,12
34013105008,12
34013100007,12
34013100004,12
34013025009,12
34013015001,12
34013105002,12
34013105007,12
34013105001,12
34013015007,12
34013015002,12
34013025007,12
34013110404,12
34013025010,12
34013100001,12
34013025006,12
34013015005,12
34013015004,12
34013015006,12
34013015003,12
34013110409,12
34013105003,12
34013105005,12
34013065305,4
34013065404,4
34013065405,4
34013110302,12
34013040007,4
34013030103,4
34013010307,4
34013030513,4
34013030107,4
34025155009,5
34025085004,5
34025155006,5
34025250002,5
34025082010,5
34025082003,5
34025082012,5
34025105003,5
34025105001,5
34025155015,5
34025155026,5
34025155016,5
34025155021,5
34025155013,5
34025155033,5
34025155037,5
34025090010,5
34025090008,5
34017045201,7
34017040501,7
34017040506,7
34017040505,7
34017040405,7
34017030F27,5
34017030F26,5
34017030F29,5
34017030C10,7
34017030F06,5
34017051001,7
34017040602,7
34017060202,7
34017040502,7
34017045203,7
34017045204,7
34017045205,7
34017030C12,7
34017030C08,7
34017030C25,7
34017030B26,7
34003150001,7
34003185003,7
34003185002,7
34003150002,7
34003150003,7
34003310001,7
34017010002,4
34017020101,4
34017010001,4
34017035101,4
34013070C47,4
34013070N25,4
34013070N19,4
34003250006,7
34003250005,7
34003250008,7
34003115103,7
34013070N20,4
34017020102,4
34017050503,7
34017055104,7
34017050701,7
34017055103,7
34017055101,7
34017055102,7
34017055201,7
34017030F12,5
34017030F11,5
34017030F10,5
34017030F09,5
34017030F08,5
34017030B15,7
34017030D23,7
34017045103,7
34017030C28,7
34017035406,7
34017035309,4
34017035407,7
34017035404,7
34017035402,7
34017035305,4
34017035304,4
34003125009,7
34017050603,7
34017040701,7
34017050801,7
34017040605,7
34017050501,7
34017050502,7
34017035301,7
34003195002,7
34003195001,7
34003195004,4
34017035103,4
34017035104,4
34017035106,4
34017030A21,5
34017030A22,7
34017030A32,5
34017030F03,5
34017030A26,7
34017030F23,7
34017030A31,5
34017030E06,5
34017030E02,5
34017030F28,5
34017030E11,7
34017030E12,5
34017030E10,7
34017030E19,7
34003195005,4
34003195006,4
34017035403,7
34017030C29,7
34017030C02,7
34017030C14,7
34017030C23,7
34017030C24,7
34017030D24,7
34017030C01,7
34017030C31,7
34013070N10,4
34017035202,7
34017030A34,5
34017005308,5
34017030A05,5
34017030A06,5
34017030A02,5
34017050601,7
34017050602,7
34017050303,7
34017050304,7
34013070C46,4
34013070N21,4
34013070N22,4
34013070N23,4
34013070N18,4
34017055202,7
34017055203,7
34017050704,7
34017050703,7
34017050906,7
34017050901,7
34017045104,7
34017050402,7
34017050403,7
34017030A19,5
34017005212,5
34017030A18,5
34017030E23,5
34017030E22,7
34017030C15,7
34017030C04,7
34017030C16,7
34017030C03,7
34017030E20,7
34017030C17,7
34017030C19,7
34017030C30,7
34017035204,7
34017035107,7
34017035105,4
34017035205,7
34017035201,7
34017035307,4
34017045102,7
34017040705,7
34017040702,7
34017050401,7
34017050305,7
34017025102,7
34017025602,7
34017025202,7
34017025206,7
34013070E06,5
34017030D21,7
34017030D19,7
34017030D20,7
34017030C18,7
34017030D03,7
34017030D01,7
34017030D17,7
34017030D05,7
34003125004,7
34003125005,7
34003185001,7
34017025501,7
34017025505,7
34017025504,7
34017025503,7
34017025502,7
34017025201,7
34017025507,7
34017025203,7
34017005105,5
34017005116,5
34017005216,5
34003280003,4
34003280011,4
34003280002,7
34017045202,7
34017045101,7
34017045105,7
34017050301,7
34017050106,7
34017050103,7
34017050105,7
34017050302,7
34017045303,7
34017045304,7
34013070N12,4
34013070N15,4
34017035308,4
34013070N13,4
34013070N11,4
34013070N09,4
34003125002,7
34003125003,7
34017045301,7
34017045302,7
34013070N07,4
34013070N14,4
34013005106,4
34013005208,4
34013070N16,4
34017030C21,7
34017030C22,7
34017030C07,7
34003160001,7
34003280009,7
34013080201,4
34017035306,4
34003280007,7
34017050203,7
34017050202,7
34017025405,7
34017025106,7
34003030006,7
34003245003,7
34003030007,7
34017040704,7
34017040703,7
34017050201,7
34017050101,7
34017050104,7
34017055302,7
34017060102,7
34017050902,7
34017060201,7
34017050903,7
34017030D28,7
34017030D16,7
34017030D13,7
34017030D15,7
34017030D14,7
34017030D12,7
34017030D02,7
34017025403,7
34017025402,7
34017025406,7
34017025407,7
34017025404,7
34017030D07,7
34017025304,7
34017030D18,7
34003155004,7
34003155005,7
34003155006,7
34017030A08,5
34017030A10,5
34017030A07,5
34017030A14,5
34017030A11,5
34017030B02,7
34017030B03,7
34017030B04,7
34017030F14,5
34017030F13,5
34017005319,5
34017005314,5
34017005307,5
34017005312,5
34017005306,5
34017005305,5
34017005311,5
34017005301,5
34017005309,5
34017005211,5
34017005215,5
34017005209,5
34017005303,5
34017005213,5
34017005210,5
34017005214,5
34017005207,5
34017005203,5
34017005201,5
34017005204,5
34017005205,5
34017005206,5
34017030A13,5
34017030A15,5
34017030A16,5
34017030A12,5
34017030A17,5
34017005113,5
34017005202,5
34017005115,5
34017005104,5
34017005107,5
34017005114,5
34017005112,5
34017030F18,7
34017030B12,7
34017030F04,5
34017030F05,5
34017030F15,5
34017030F16,5
34017030B09,7
34017030B33,7
34017030B32,7
34017030B30,7
34017030B27,7
34013070E07,5
34013070E04,5
34017020203,7
34017030A30,7
34017030A04,5
34017030A03,5
34017030A01,5
34017030A23,7
34017030A20,7
34017030A24,7
34017005102,5
34017005103,5
34017005101,5
34017005108,5
34017005110,5
34017005111,5
34017005106,5
34013070E02,5
34013070E30,5
34017020201,7
34017020403,7
34017020301,7
34017020401,7
34017020302,7
34013070E16,5
34013070E21,4
34013070E14,5
34013070E15,5
34017020402,7
34017020303,7
34017020202,7
34013070E19,4
34013070E20,4
34013070C38,4
34017005302,5
34017005316,5
34017005317,5
34017005315,5
34017005318,5
34017005313,5
34017030F19,7
34017030F20,5
34017030F21,5
34017030B31,7
34017030B11,7
34017030B29,7
34017030B28,7
34017030B13,7
34017030B21,7
34017030B25,7
34017030B14,7
34017030F22,5
34017030B10,7
34017030B16,7
34017030F24,5
34017030F25,7
34017030A27,7
34017030A29,7
34017030F17,7
34017030A25,7
34017030A28,7
34017030C13,7
34017030F07,5
34017030B17,7
34017030B19,5
34017030B24,7
34017030B18,7
34017030B23,7
34017030B20,7
34017030B22,5
34017030B01,5
34017030B05,7
34003060003,7
34003060002,7
34003325004,7
34003325001,7
34003325002,7
34031035101,7
34031035102,4
34003325005,7
34003280006,7
34003280005,7
34003060004,7
34031035201,4
34031035402,4
34003280004,7
34003280012,4
34003280008,7
34003280010,7
34003160008,4
34003160009,7
34003025004,7
34003025003,7
34003025005,7
34003160006,7
34003160003,7
34031010307,4
34003345003,7
34003345005,7
34003345001,7
34031035103,7
34031035104,4
34031010402,4
34031010403,4
34031035404,4
34031035405,4
34031035407,4
34031035406,4
34031035403,4
34003105102,7
34003105203,4
34031035401,4
34031010506,4
34031010505,4
34031035301,4
34031035202,4
34031035203,4
34031035308,4
34031035310,4
34031035307,4
34031035309,4
34031035302,4
34031010108,4
34031010106,4
34013080104,4
34013080105,4
34013080106,4
34013080202,4
34013080203,4
34013080103,4
34013080205,4
34013080204,4
34031010109,4
34031010110,4
34003160011,4
34003160005,7
34003160014,4
34003160007,4
34003160013,4
34003160012,4
34003195007,7
34003195008,7
34013080305,4
34013080303,4
34013080304,4
34013080306,4
34013005207,4
34013005204,4
34013005203,4
34013005403,4
34013005402,4
34013005201,4
34013005405,4
34003345004,7
34003160002,7
34013005104,4
34013070N04,4
34013005202,4
34013080307,4
34013080102,4
34013070N06,4
34013005105,4
34013005306,4
34013005301,4
34013005302,4
34013005305,4
34013005406,4
34013005303,4
34017035303,4
34013005404,4
34003160015,4
34013080302,4
34013080301,4
34013005401,4
34003195003,7
34013005205,4
34017035302,7
34031010104,4
34031035304,4
34031035305,4
34031010504,4
34031010502,4
34031010201,4
34031010503,4
34031010303,4
34031010107,4
34031010105,4
34031035306,4
34031035207,4
34031035208,4
34031035209,4
34031010501,4
34031010302,4
34031010122,4
34031035204,4
34031035303,4
34031010103,4
34031010119,4
34031010101,4
34031010305,4
34003325006,7
34003155003,7
34003105303,7
34003155002,7
34003155007,7
34003345002,7
34003125001,7
34003155008,7
34017030E05,7
34017030E16,5
34017030E21,5
34017030E08,5
34017030E01,5
34017030E15,5
34017025306,7
34017025307,7
34017025604,7
34017025605,7
34017025603,7
34017025101,7
34017025606,7
34017025103,7
34017030E04,5
34017030E03,5
34017030E14,5
34017030E07,5
34017030E13,5
34017030E17,5
34017030E18,7
34017025601,7
34017025607,7
34017025401,7
34017025305,7
34017030D08,7
34017025506,7
34017050107,7
34017050102,7
34017025205,7
34017025204,7
34017030E09,5
34017030D29,7
34017030D06,7
34017030D09,7
34017030D10,7
34017030D11,7
34017030D04,7
34017025105,7
34017025104,7
34017025301,7
34017025302,7
34017025303,7
34003145001,7
34003145003,7
34003020005,7
34003225004,7
34003225003,7
34003245005,7
34003245001,7
34003030012,7
34003030010,7
34003065004,7
34003065001,7
34003030009,7
34003030014,7
34003030015,7
34003095003,7
34003065002,7
34003030013,7
34003095001,7
34003225010,7
34003250002,7
34003245002,7
34003145006,7
34003145004,7
34003145005,7
34003095007,7
34003145002,7
34003095005,7
34003225008,7
34003225007,7
34003095020,7
34003095016,7
34003095015,7
34003095002,7
34003030005,7
34003030008,7
34003030011,7
34003225005,7
34003225009,7
34003095018,7
34003095006,7
34003225002,7
34003225001,7
34003225006,7
34003095011,7
34003065003,7
34003095004,7
34003095017,7
34003095009,7
34003030003,7
34003030004,7
34017015006,7
34017015001,7
34017040102,7
34017040101,7
34017040103,7
34017060302,7
34017060303,7
34017060311,7
34017040503,7
34017040504,7
34003150004,7
34003150005,7
34003150006,7
34017040402,7
34017040401,7
34017040306,7
34003090002,7
34003090005,7
34003090004,7
34003090003,7
34003030002,7
34017040106,7
34003030001,7
34017040105,7
34017040203,7
34017040202,7
34017040201,7
34017040302,7
34017040104,7
34003090001,7
34003090006,7
34017050905,7
34017055204,7
34017055301,7
34017050904,7
34017040205,7
34017040206,7
34017040404,7
34017040301,7
34017040204,7
34017015005,7
34017015004,7
34017040601,7
34017040604,7
34017040603,7
34017050803,7
34017050802,7
34017050702,7
34017060101,7
34017060103,7
34017060104,7
34017060304,7
34017015002,7
34017015003,7
34017060306,7
34017060307,7
34017060309,7
34017060305,7
34017060106,7
34017060109,7
34017060301,7
34017060209,7
34017060207,7
34017060206,7
34017060308,7
34017060203,7
34017060204,7
34017060205,7
34017060105,7
34017040303,7
34017040304,7
34017040305,7
34017051002,7
34017060208,7
34017060108,7
34017060107,7
34017060310,7
34017040403,7
34003250003,7
34003250001,7
34003250007,7
34003020006,7
34003300002,7
34003020002,7
34003300003,7
34003300001,7
34003020004,7
34003020003,7
34003250004,7
34003095008,7
34003095013,7
34003095019,7
34003010001,7
34003130002,7
34003035005,7
34003265004,7
34003215003,7
34003200003,7
34003200001,7
34003200002,7
34003275001,7
34003340001,7
34003235003,7
34003235002,7
34031040402,4
34031040401,4
34031040409,4
34031015006,4
34031015004,4
34031015005,4
34031015001,4
34031040107,4
34031050003,4
34031050004,4
34031050002,4
34031020101,4
34031015003,4
34031030005,4
34031030006,4
34031030003,4
34031030001,4
34003085014,7
34003110006,7
34003110008,7
34003110005,4
34031030002,4
34031030007,4
34031020304,4
34003350004,4
34003350008,4
34031040112,4
34031040106,4
34031040201,4
34031040203,4
34031040111,4
34031040202,4
34031040204,4
34031075008,12
34031075009,12
34003350010,4
34003350005,4
34003350006,4
34003350002,4
34003350007,4
34003100001,4
34003165003,4
34003165013,4
34031040206,4
34031040205,4
34031040108,4
34031070407,4
34003165001,7
34003165012,7
34003165002,7
34003165011,7
34031015002,4
34031030004,4
34031070604,4
34031070309,4
34003240005,4
34003240008,4
34003240003,4
34003165005,4
34003165014,4
34003165004,4
34003350003,4
34003100006,4
34003100004,4
34003100005,4
34003100003,4
34003100002,4
34031055009,4
34031055001,4
34031055006,4
34003340003,7
34003340002,7
34003165006,4
34003165007,4
34003210007,4
34003210008,4
34031055007,4
34003210002,4
34003210001,4
34031040105,4
34031075007,4
34027075006,12
34027155011,12
34027155008,12
34027075005,12
34031055004,4
34031065003,4
34031065004,4
34031065002,4
34031065007,4
34031065005,4
34031065001,4
34003210004,4
34003210005,4
34003210006,4
34031055008,4
34031065008,4
34031065006,4
34027080102,12
34027155010,12
34027155009,12
34031045002,4
34031070105,4
34031070601,4
34003210003,4
34031070605,4
34031045001,4
34031005003,4
34031005004,12
34027165001,4
34031045003,4
34027015001,12
34027165003,12
34031045004,4
34031070603,4
34031070606,4
34027015002,12
34027155006,12
34027155012,12
34027075002,12
34027015004,12
34027015003,12
34027015005,12
34031045005,12
34031045006,4
34031070303,4
34031070305,4
34031070308,4
34027155007,12
34027155005,12
34031070602,4
34031070503,4
34031070401,4
34031070304,4
34031070306,4
34031070307,4
34031070104,12
34031070402,4
34031070302,12
34031070301,12
34031055005,4
34031055002,4
34003220005,7
34003070005,7
34003230012,7
34003335007,7
34003070004,7
34003135003,7
34003335001,7
34003335003,7
34003135002,7
34003135004,7
34003335002,7
34003335004,7
34003330001,7
34003330005,7
34003050011,7
34003130001,7
34003050009,7
34003330006,7
34003330002,7
34003330004,7
34003140002,7
34003290002,7
34003350009,4
34031020402,4
34031020403,4
34003230017,7
34003230018,7
34003230019,7
34003230020,7
34003165010,7
34003290001,7
34003240007,7
34003235001,7
34003135005,7
34003070003,7
34003070002,7
34003265003,7
34003265005,7
34003320005,7
34003255011,7
34003140001,7
34003315004,7
34003120003,7
34003205001,7
34003315001,7
34003340004,7
34003315005,7
34003315003,7
34003135006,7
34003320006,7
34003320004,7
34003230003,7
34003260002,7
34003260001,7
34003230009,7
34003230011,7
34003230008,7
34003230010,7
34003255003,7
34003255001,7
34003205002,7
34003035006,7
34003035002,7
34003005003,7
34003330003,7
34003335008,7
34003230007,7
34003110002,4
34003110001,7
34003230004,7
34003260003,7
34003235006,7
34003235005,7
34003180003,7
34003190009,7
34003190008,7
34003190007,7
34003190006,7
34003230002,7
34003230005,7
34003235004,7
34003180001,7
34003180002,7
34003260007,7
34003170003,7
34003220004,7
34003240001,7
34003240004,7
34003005004,7
34003085005,7
34003085013,7
34003085011,7
34003085007,7
34003085012,7
34003085006,7
34003085001,7
34003085016,4
34003085017,4
34003085010,7
34003085015,4
34003067006,7
34003067007,7
34003255010,4
34003255013,7
34003255018,7
34003255009,7
34003255007,7
34003255002,7
34003255008,7
34003255012,7
34003255017,7
34003255016,7
34003175005,7
34003175003,7
34003255004,7
34003175001,4
34003255014,7
34003140003,7
34003255006,4
34003255005,4
34003110003,4
34003175004,4
34003175002,4
34003110004,4
34003350001,4
34003230013,7
34003230014,7
34031020303,4
34003085021,4
34003085019,4
34003085020,4
34003085022,4
34003085018,4
34031020201,4
34003067005,4
34031040411,4
34031040306,4
34003067004,4
34031040312,4
34031040311,4
34031040103,4
34003085002,7
34031040305,4
34031040408,4
34031040407,4
34031040502,4
34031040503,4
34031040501,4
34031040406,4
34031040403,4
34031040604,4
34031040110,4
34031050001,4
34031020102,4
34031040410,4
34031040304,4
34031040302,4
34031040504,4
34031040405,4
34031040310,4
34031040404,4
34031040308,4
34031040307,4
34031040506,4
34003285010,7
34003255015,7
34003315002,7
34003240002,4
34003240006,7
34003050003,7
34003050008,7
34003050006,7
34003220006,7
34003335005,7
34003220003,7
34003035004,7
34003050007,7
34003050005,7
34003120002,7
34003035003,7
34003190002,7
34003050004,7
34003035001,7
34003045001,7
34003120001,7
34003050002,7
34003015001,7
34003050001,7
34003015002,7
34003015005,7
34003015003,7
34003015007,7
34003015008,7
34003015006,7
34003190005,7
34003040004,7
34003040005,7
34003335006,7
34003265001,7
34003015017,7
34003015004,7
34003305002,7
34003040001,7
34003040006,7
34003015014,7
34003015016,7
34003015015,7
34003305004,7
34003050010,7
34003305007,7
34003305009,7
34003190004,7
34003190003,7
34003015010,7
34003015013,7
34003070006,7
34003070001,7
34003135001,7
34003305006,7
34003305003,7
34003305001,7
34003170002,7
34003170004,7
34013065207,4
34013065306,4
34013065402,12
34013065407,12
34013065408,4
34013070C29,4
34013070C34,4
34013070C35,4
34013070C45,4
34013070C49,4
34013070E09,5
34013070E10,5
34013070E11,5
34013070E13,5
34013070E25,4
34013070N29,4
34013070W43,4
34013070W44,4
34015015002,3
34015015003,3
34015015004,3
34015015007,3
34017030A09,5
34017030A33,5
34017030B06,7
34017030B07,7
34017030B08,7
34017030C05,7
34017030C06,7
34017030C09,7
34017030C11,7
34017030C20,7
34017030C26,7
34017030C27,7
34017030F01,5
34017030F02,5
34017030F30,5
34017030F31,5
34017035102,4
34017035108,7
34017035203,7
34017035206,7
34017035401,7
34017035405,7
34023077109,5
34023077110,5
34023077205,5
34023077301,1
34023077408,9
34025080008,9
34025080022,9
34025080024,9
34025155003,5
34025155004,5
34025155007,5
34025155008,5
34025155024,5
34025155027,5
34025155028,5
34025155029,5
34027095001,12
34027095005,6
34029025103,5
34029025107,9
34029025134,5
34029025205,8
34029025211,9
34029025233,9
34029025235,8
34029025236,8
34029025240,8
34029060001,8
34031070504,4
34031070607,4
34035030014,6
34035050003,6
34035050010,6
34035050031,6
34039045101,5
34039045103,5
34039045201,5
34039045301,5
34039045302,5
34039045303,5
34039045404,5
34039045801,5
34039045802,5
